1 98 0 445 1 396 2
0 802 0 57 3 708 2
0 739 1 513 3 247 0
1 629 3 901 1 75 3
1 778 2 100 0 203 2
2 951 0 203 1 652 1
2 361 3 424 0 384 1
2 631 1 846 0 825 3
1 900 2 681 2 413 2
2 968 0 263 3 540 3
0 192 0 280 1 55 0
2 440 2 974 3 959 0
1 784 3 822 1 658 3
0 71 1 678 3 373 1
1 913 0 334 2 192 2
1 248 3 721 0 313 3
2 272 3 147 1 139 1
1 797 1 513 0 166 3
2 540 1 921 1 597 3
1 142 1 275 2 892 0
1 205 0 893 2 967 1
0 106 2 685 3 539 2
0 706 2 438 2 579 3
2 528 2 667 2 892 2
0 784 2 194 2 390 0
0 710 1 763 0 843 0
1 735 2 899 1 444 2
1 375 1 146 0 72 1
2 316 3 43 0 102 1
0 844 1 318 2 158 1
0 354 1 795 1 936 2
0 732 0 625 0 490 3
1 914 1 698 2 44 1
1 498 3 477 3 360 3
2 519 1 324 1 518 3
0 806 2 196 3 958 1
0 448 0 771 2 529 1
1 926 3 627 0 246 0
2 606 3 73 1 888 1
0 759 1 16 1 91 0
0 49 1 511 2 682 2
0 563 0 509 1 19 0
1 617 0 737 3 899 2
0 140 0 755 3 781 0
0 872 0 625 1 778 0
1 812 3 688 3 227 1
2 598 1 483 3 981 0
1 232 3 195 0 591 3
1 724 3 88 0 115 1
0 245 1 345 1 324 1
0 903 2 650 1 323 1
0 656 1 211 0 736 2
0 679 1 236 3 784 0
1 252 1 573 1 943 2
1 267 3 340 3 589 2
2 912 3 445 0 532 0
2 269 2 773 0 124 2
0 260 2 703 0 428 0
0 371 2 917 2 201 1
0 790 3 538 2 778 3
1 310 3 135 3 405 0
2 881 2 232 2 309 3
0 737 0 368 0 110 1
0 312 2 964 2 845 2
2 623 1 187 2 828 2
1 98 0 445 1 396 2
0 802 0 57 3 708 2
0 739 1 513 3 247 0
1 629 3 901 1 75 3
1 778 2 100 0 203 2
2 951 0 203 1 652 1
2 361 3 424 0 384 1
2 631 1 846 0 825 3
1 900 2 681 2 413 2
2 968 0 263 3 540 3
0 192 0 280 1 55 0
2 440 2 974 3 959 0
1 784 3 822 1 658 3
0 71 1 678 3 373 1
1 913 0 334 2 192 2
1 248 3 721 0 313 3
2 272 3 147 1 139 1
1 797 1 513 0 166 3
2 540 1 921 1 597 3
1 142 1 275 2 892 0
1 205 0 893 2 967 1
0 106 2 685 3 539 2
0 706 2 438 2 579 3
2 528 2 667 2 892 2
0 784 2 194 2 390 0
0 710 1 763 0 843 0
1 735 2 899 1 444 2
1 375 1 146 0 72 1
2 316 3 43 0 102 1
0 844 1 318 2 158 1
0 354 1 795 1 936 2
0 732 0 625 0 490 3
1 914 1 698 2 44 1
1 498 3 477 3 360 3
2 519 1 324 1 518 3
0 806 2 196 3 958 1
0 448 0 771 2 529 1
1 926 3 627 0 246 0
2 606 3 73 1 888 1
0 759 1 16 1 91 0
0 49 1 511 2 682 2
0 563 0 509 1 19 0
1 617 0 737 3 899 2
0 140 0 755 3 781 0
0 872 0 625 1 778 0
1 812 3 688 3 227 1
2 598 1 483 3 981 0
1 232 3 195 0 591 3
1 724 3 88 0 115 1
0 245 1 345 1 324 1
0 903 2 650 1 323 1
0 656 1 211 0 736 2
0 679 1 236 3 784 0
1 252 1 573 1 943 2
1 267 3 340 3 589 2
2 912 3 445 0 532 0
2 269 2 773 0 124 2
0 260 2 703 0 428 0
0 371 2 917 2 201 1
0 790 3 538 2 778 3
1 310 3 135 3 405 0
2 881 2 232 2 309 3
0 737 0 368 0 110 1
0 312 2 964 2 845 2
2 623 1 187 2 828 2
1 98 0 445 1 396 2
0 802 0 57 3 708 2
0 739 1 513 3 247 0
1 629 3 901 1 75 3
1 778 2 100 0 203 2
2 951 0 203 1 652 1
2 361 3 424 0 384 1
2 631 1 846 0 825 3
1 900 2 681 2 413 2
2 968 0 263 3 540 3
0 192 0 280 1 55 0
2 440 2 974 3 959 0
1 784 3 822 1 658 3
0 71 1 678 3 373 1
1 913 0 334 2 192 2
1 248 3 721 0 313 3
2 272 3 147 1 139 1
1 797 1 513 0 166 3
2 540 1 921 1 597 3
1 142 1 275 2 892 0
1 205 0 893 2 967 1
0 106 2 685 3 539 2
0 706 2 438 2 579 3
2 528 2 667 2 892 2
0 784 2 194 2 390 0
0 710 1 763 0 843 0
1 735 2 899 1 444 2
1 375 1 146 0 72 1
2 316 3 43 0 102 1
0 844 1 318 2 158 1
0 354 1 795 1 936 2
0 732 0 625 0 490 3
1 914 1 698 2 44 1
1 498 3 477 3 360 3
2 519 1 324 1 518 3
0 806 2 196 3 958 1
0 448 0 771 2 529 1
1 926 3 627 0 246 0
2 606 3 73 1 888 1
0 759 1 16 1 91 0
0 49 1 511 2 682 2
0 563 0 509 1 19 0
1 617 0 737 3 899 2
0 140 0 755 3 781 0
0 872 0 625 1 778 0
1 812 3 688 3 227 1
2 598 1 483 3 981 0
1 232 3 195 0 591 3
1 724 3 88 0 115 1
0 245 1 345 1 324 1
0 903 2 650 1 323 1
0 656 1 211 0 736 2
0 679 1 236 3 784 0
1 252 1 573 1 943 2
1 267 3 340 3 589 2
2 912 3 445 0 532 0
2 269 2 773 0 124 2
0 260 2 703 0 428 0
0 371 2 917 2 201 1
0 790 3 538 2 778 3
1 310 3 135 3 405 0
2 881 2 232 2 309 3
0 737 0 368 0 110 1
0 312 2 964 2 845 2
2 623 1 187 2 828 2
2 557 1 609 2 265 3
1 984 3 291 1 570 3
1 98 0 445 1 396 2
0 802 0 57 3 708 2
0 739 1 513 3 247 0
1 629 3 901 1 75 3
1 778 2 100 0 203 2
2 951 0 203 1 652 1
2 361 3 424 0 384 1
2 631 1 846 0 825 3
1 900 2 681 2 413 2
2 968 0 263 3 540 3
0 192 0 280 1 55 0
2 440 2 974 3 959 0
1 784 3 822 1 658 3
0 71 1 678 3 373 1
1 913 0 334 2 192 2
1 248 3 721 0 313 3
2 272 3 147 1 139 1
1 797 1 513 0 166 3
2 540 1 921 1 597 3
1 142 1 275 2 892 0
1 205 0 893 2 967 1
0 106 2 685 3 539 2
0 706 2 438 2 579 3
2 528 2 667 2 892 2
0 784 2 194 2 390 0
0 710 1 763 0 843 0
1 735 2 899 1 444 2
1 375 1 146 0 72 1
2 316 3 43 0 102 1
0 844 1 318 2 158 1
0 354 1 795 1 936 2
0 732 0 625 0 490 3
1 914 1 698 2 44 1
1 498 3 477 3 360 3
2 519 1 324 1 518 3
0 806 2 196 3 958 1
0 448 0 771 2 529 1
1 926 3 627 0 246 0
2 606 3 73 1 888 1
0 759 1 16 1 91 0
0 49 1 511 2 682 2
0 563 0 509 1 19 0
1 617 0 737 3 899 2
0 140 0 755 3 781 0
0 872 0 625 1 778 0
1 812 3 688 3 227 1
2 598 1 483 3 981 0
1 232 3 195 0 591 3
1 724 3 88 0 115 1
0 245 1 345 1 324 1
0 903 2 650 1 323 1
0 656 1 211 0 736 2
0 679 1 236 3 784 0
1 252 1 573 1 943 2
1 267 3 340 3 589 2
2 912 3 445 0 532 0
2 269 2 773 0 124 2
0 260 2 703 0 428 0
0 371 2 917 2 201 1
0 790 3 538 2 778 3
1 310 3 135 3 405 0
2 881 2 232 2 309 3
0 737 0 368 0 110 1
0 312 2 964 2 845 2
2 623 1 187 2 828 2
0 361 0 271 1 577 2
2 133 0 990 0 882 1
0 418 0 124 2 151 1
1 98 0 445 1 396 2
0 802 0 57 3 708 2
0 739 1 513 3 247 0
1 629 3 901 1 75 3
1 778 2 100 0 203 2
2 951 0 203 1 652 1
2 361 3 424 0 384 1
2 631 1 846 0 825 3
1 900 2 681 2 413 2
2 968 0 263 3 540 3
0 192 0 280 1 55 0
2 440 2 974 3 959 0
1 784 3 822 1 658 3
0 71 1 678 3 373 1
1 913 0 334 2 192 2
1 248 3 721 0 313 3
2 272 3 147 1 139 1
1 797 1 513 0 166 3
2 540 1 921 1 597 3
1 142 1 275 2 892 0
1 205 0 893 2 967 1
0 106 2 685 3 539 2
0 706 2 438 2 579 3
2 528 2 667 2 892 2
0 784 2 194 2 390 0
0 710 1 763 0 843 0
1 735 2 899 1 444 2
1 375 1 146 0 72 1
2 316 3 43 0 102 1
0 844 1 318 2 158 1
0 354 1 795 1 936 2
0 732 0 625 0 490 3
1 914 1 698 2 44 1
1 498 3 477 3 360 3
2 519 1 324 1 518 3
0 806 2 196 3 958 1
0 448 0 771 2 529 1
1 926 3 627 0 246 0
2 606 3 73 1 888 1
0 759 1 16 1 91 0
0 49 1 511 2 682 2
0 563 0 509 1 19 0
1 617 0 737 3 899 2
0 140 0 755 3 781 0
0 872 0 625 1 778 0
1 812 3 688 3 227 1
2 598 1 483 3 981 0
1 232 3 195 0 591 3
1 724 3 88 0 115 1
0 245 1 345 1 324 1
0 903 2 650 1 323 1
0 656 1 211 0 736 2
0 679 1 236 3 784 0
1 252 1 573 1 943 2
1 267 3 340 3 589 2
2 912 3 445 0 532 0
2 269 2 773 0 124 2
0 260 2 703 0 428 0
0 371 2 917 2 201 1
0 790 3 538 2 778 3
1 310 3 135 3 405 0
2 881 2 232 2 309 3
0 737 0 368 0 110 1
0 312 2 964 2 845 2
2 623 1 187 2 828 2
1 98 0 445 1 396 2
0 802 0 57 3 708 2
0 739 1 513 3 247 0
1 629 3 901 1 75 3
1 778 2 100 0 203 2
2 951 0 203 1 652 1
2 361 3 424 0 384 1
2 631 1 846 0 825 3
1 900 2 681 2 413 2
2 968 0 263 3 540 3
0 192 0 280 1 55 0
2 440 2 974 3 959 0
1 784 3 822 1 658 3
0 71 1 678 3 373 1
1 913 0 334 2 192 2
1 248 3 721 0 313 3
2 272 3 147 1 139 1
1 797 1 513 0 166 3
2 540 1 921 1 597 3
1 142 1 275 2 892 0
1 205 0 893 2 967 1
0 106 2 685 3 539 2
0 706 2 438 2 579 3
2 528 2 667 2 892 2
0 784 2 194 2 390 0
0 710 1 763 0 843 0
1 735 2 899 1 444 2
1 375 1 146 0 72 1
2 316 3 43 0 102 1
0 844 1 318 2 158 1
0 354 1 795 1 936 2
0 732 0 625 0 490 3
1 914 1 698 2 44 1
1 498 3 477 3 360 3
2 519 1 324 1 518 3
0 806 2 196 3 958 1
0 448 0 771 2 529 1
1 926 3 627 0 246 0
2 606 3 73 1 888 1
0 759 1 16 1 91 0
0 49 1 511 2 682 2
0 563 0 509 1 19 0
1 617 0 737 3 899 2
0 140 0 755 3 781 0
0 872 0 625 1 778 0
1 812 3 688 3 227 1
2 598 1 483 3 981 0
1 232 3 195 0 591 3
1 724 3 88 0 115 1
0 245 1 345 1 324 1
0 903 2 650 1 323 1
0 656 1 211 0 736 2
0 679 1 236 3 784 0
1 252 1 573 1 943 2
1 267 3 340 3 589 2
2 912 3 445 0 532 0
2 269 2 773 0 124 2
0 260 2 703 0 428 0
0 371 2 917 2 201 1
0 790 3 538 2 778 3
1 310 3 135 3 405 0
2 881 2 232 2 309 3
0 737 0 368 0 110 1
0 312 2 964 2 845 2
2 623 1 187 2 828 2
1 841 0 155 3 962 1
0 206 0 692 1 153 1
0 245 3 305 2 59 3
1 98 0 445 1 396 2
0 802 0 57 3 708 2
0 739 1 513 3 247 0
1 629 3 901 1 75 3
1 778 2 100 0 203 2
2 951 0 203 1 652 1
2 361 3 424 0 384 1
2 631 1 846 0 825 3
1 900 2 681 2 413 2
2 968 0 263 3 540 3
0 192 0 280 1 55 0
2 440 2 974 3 959 0
1 784 3 822 1 658 3
0 71 1 678 3 373 1
1 913 0 334 2 192 2
1 248 3 721 0 313 3
2 272 3 147 1 139 1
1 797 1 513 0 166 3
2 540 1 921 1 597 3
1 142 1 275 2 892 0
1 205 0 893 2 967 1
0 106 2 685 3 539 2
0 706 2 438 2 579 3
2 528 2 667 2 892 2
0 784 2 194 2 390 0
0 710 1 763 0 843 0
1 735 2 899 1 444 2
1 375 1 146 0 72 1
2 316 3 43 0 102 1
0 844 1 318 2 158 1
0 354 1 795 1 936 2
0 732 0 625 0 490 3
1 914 1 698 2 44 1
1 498 3 477 3 360 3
2 519 1 324 1 518 3
0 806 2 196 3 958 1
0 448 0 771 2 529 1
1 926 3 627 0 246 0
2 606 3 73 1 888 1
0 759 1 16 1 91 0
0 49 1 511 2 682 2
0 563 0 509 1 19 0
1 617 0 737 3 899 2
0 140 0 755 3 781 0
0 872 0 625 1 778 0
1 812 3 688 3 227 1
2 598 1 483 3 981 0
1 232 3 195 0 591 3
1 724 3 88 0 115 1
0 245 1 345 1 324 1
0 903 2 650 1 323 1
0 656 1 211 0 736 2
0 679 1 236 3 784 0
1 252 1 573 1 943 2
1 267 3 340 3 589 2
2 912 3 445 0 532 0
2 269 2 773 0 124 2
0 260 2 703 0 428 0
0 371 2 917 2 201 1
0 790 3 538 2 778 3
1 310 3 135 3 405 0
2 881 2 232 2 309 3
0 737 0 368 0 110 1
0 312 2 964 2 845 2
2 623 1 187 2 828 2
1 98 0 445 1 396 2
0 802 0 57 3 708 2
0 739 1 513 3 247 0
1 629 3 901 1 75 3
1 778 2 100 0 203 2
2 951 0 203 1 652 1
2 361 3 424 0 384 1
2 631 1 846 0 825 3
1 900 2 681 2 413 2
2 968 0 263 3 540 3
0 192 0 280 1 55 0
2 440 2 974 3 959 0
1 784 3 822 1 658 3
0 71 1 678 3 373 1
1 913 0 334 2 192 2
1 248 3 721 0 313 3
2 272 3 147 1 139 1
1 797 1 513 0 166 3
2 540 1 921 1 597 3
1 142 1 275 2 892 0
1 205 0 893 2 967 1
0 106 2 685 3 539 2
0 706 2 438 2 579 3
2 528 2 667 2 892 2
0 784 2 194 2 390 0
0 710 1 763 0 843 0
1 735 2 899 1 444 2
1 375 1 146 0 72 1
2 316 3 43 0 102 1
0 844 1 318 2 158 1
0 354 1 795 1 936 2
0 732 0 625 0 490 3
1 914 1 698 2 44 1
1 498 3 477 3 360 3
2 519 1 324 1 518 3
0 806 2 196 3 958 1
0 448 0 771 2 529 1
1 926 3 627 0 246 0
2 606 3 73 1 888 1
0 759 1 16 1 91 0
0 49 1 511 2 682 2
0 563 0 509 1 19 0
1 617 0 737 3 899 2
0 140 0 755 3 781 0
0 872 0 625 1 778 0
1 812 3 688 3 227 1
2 598 1 483 3 981 0
1 232 3 195 0 591 3
1 724 3 88 0 115 1
0 245 1 345 1 324 1
0 903 2 650 1 323 1
0 656 1 211 0 736 2
0 679 1 236 3 784 0
1 252 1 573 1 943 2
1 267 3 340 3 589 2
2 912 3 445 0 532 0
2 269 2 773 0 124 2
0 260 2 703 0 428 0
0 371 2 917 2 201 1
0 790 3 538 2 778 3
1 310 3 135 3 405 0
2 881 2 232 2 309 3
0 737 0 368 0 110 1
0 312 2 964 2 845 2
2 623 1 187 2 828 2
1 841 3 193 2 767 2
1 98 0 445 1 396 2
0 802 0 57 3 708 2
0 739 1 513 3 247 0
1 629 3 901 1 75 3
1 778 2 100 0 203 2
2 951 0 203 1 652 1
2 361 3 424 0 384 1
2 631 1 846 0 825 3
1 900 2 681 2 413 2
2 968 0 263 3 540 3
0 192 0 280 1 55 0
2 440 2 974 3 959 0
1 784 3 822 1 658 3
0 71 1 678 3 373 1
1 913 0 334 2 192 2
1 248 3 721 0 313 3
2 272 3 147 1 139 1
1 797 1 513 0 166 3
2 540 1 921 1 597 3
1 142 1 275 2 892 0
1 205 0 893 2 967 1
0 106 2 685 3 539 2
0 706 2 438 2 579 3
2 528 2 667 2 892 2
0 784 2 194 2 390 0
0 710 1 763 0 843 0
1 735 2 899 1 444 2
1 375 1 146 0 72 1
2 316 3 43 0 102 1
0 844 1 318 2 158 1
0 354 1 795 1 936 2
0 732 0 625 0 490 3
1 914 1 698 2 44 1
1 498 3 477 3 360 3
2 519 1 324 1 518 3
0 806 2 196 3 958 1
0 448 0 771 2 529 1
1 926 3 627 0 246 0
2 606 3 73 1 888 1
0 759 1 16 1 91 0
0 49 1 511 2 682 2
0 563 0 509 1 19 0
1 617 0 737 3 899 2
0 140 0 755 3 781 0
0 872 0 625 1 778 0
1 812 3 688 3 227 1
2 598 1 483 3 981 0
1 232 3 195 0 591 3
1 724 3 88 0 115 1
0 245 1 345 1 324 1
0 903 2 650 1 323 1
0 656 1 211 0 736 2
0 679 1 236 3 784 0
1 252 1 573 1 943 2
1 267 3 340 3 589 2
2 912 3 445 0 532 0
2 269 2 773 0 124 2
0 260 2 703 0 428 0
0 371 2 917 2 201 1
0 790 3 538 2 778 3
1 310 3 135 3 405 0
2 881 2 232 2 309 3
0 737 0 368 0 110 1
0 312 2 964 2 845 2
2 623 1 187 2 828 2
0 305 3 580 2 701 0
2 833 3 496 0 356 3
2 754 1 349 2 170 3
1 816 1 417 2 967 3
0 539 3 163 0 575 1
1 98 0 445 1 396 2
0 802 0 57 3 708 2
0 739 1 513 3 247 0
1 629 3 901 1 75 3
1 778 2 100 0 203 2
2 951 0 203 1 652 1
2 361 3 424 0 384 1
2 631 1 846 0 825 3
1 900 2 681 2 413 2
2 968 0 263 3 540 3
0 192 0 280 1 55 0
2 440 2 974 3 959 0
1 784 3 822 1 658 3
0 71 1 678 3 373 1
1 913 0 334 2 192 2
1 248 3 721 0 313 3
2 272 3 147 1 139 1
1 797 1 513 0 166 3
2 540 1 921 1 597 3
1 142 1 275 2 892 0
1 205 0 893 2 967 1
0 106 2 685 3 539 2
0 706 2 438 2 579 3
2 528 2 667 2 892 2
0 784 2 194 2 390 0
0 710 1 763 0 843 0
1 735 2 899 1 444 2
1 375 1 146 0 72 1
2 316 3 43 0 102 1
0 844 1 318 2 158 1
0 354 1 795 1 936 2
0 732 0 625 0 490 3
1 914 1 698 2 44 1
1 498 3 477 3 360 3
2 519 1 324 1 518 3
0 806 2 196 3 958 1
0 448 0 771 2 529 1
1 926 3 627 0 246 0
2 606 3 73 1 888 1
0 759 1 16 1 91 0
0 49 1 511 2 682 2
0 563 0 509 1 19 0
1 617 0 737 3 899 2
0 140 0 755 3 781 0
0 872 0 625 1 778 0
1 812 3 688 3 227 1
2 598 1 483 3 981 0
1 232 3 195 0 591 3
1 724 3 88 0 115 1
0 245 1 345 1 324 1
0 903 2 650 1 323 1
0 656 1 211 0 736 2
0 679 1 236 3 784 0
1 252 1 573 1 943 2
1 267 3 340 3 589 2
2 912 3 445 0 532 0
2 269 2 773 0 124 2
0 260 2 703 0 428 0
0 371 2 917 2 201 1
0 790 3 538 2 778 3
1 310 3 135 3 405 0
2 881 2 232 2 309 3
0 737 0 368 0 110 1
0 312 2 964 2 845 2
2 623 1 187 2 828 2
1 98 0 445 1 396 2
0 802 0 57 3 708 2
0 739 1 513 3 247 0
1 629 3 901 1 75 3
1 778 2 100 0 203 2
2 951 0 203 1 652 1
2 361 3 424 0 384 1
2 631 1 846 0 825 3
1 900 2 681 2 413 2
2 968 0 263 3 540 3
0 192 0 280 1 55 0
2 440 2 974 3 959 0
1 784 3 822 1 658 3
0 71 1 678 3 373 1
1 913 0 334 2 192 2
1 248 3 721 0 313 3
2 272 3 147 1 139 1
1 797 1 513 0 166 3
2 540 1 921 1 597 3
1 142 1 275 2 892 0
1 205 0 893 2 967 1
0 106 2 685 3 539 2
0 706 2 438 2 579 3
2 528 2 667 2 892 2
0 784 2 194 2 390 0
0 710 1 763 0 843 0
1 735 2 899 1 444 2
1 375 1 146 0 72 1
2 316 3 43 0 102 1
0 844 1 318 2 158 1
0 354 1 795 1 936 2
0 732 0 625 0 490 3
1 914 1 698 2 44 1
1 498 3 477 3 360 3
2 519 1 324 1 518 3
0 806 2 196 3 958 1
0 448 0 771 2 529 1
1 926 3 627 0 246 0
2 606 3 73 1 888 1
0 759 1 16 1 91 0
0 49 1 511 2 682 2
0 563 0 509 1 19 0
1 617 0 737 3 899 2
0 140 0 755 3 781 0
0 872 0 625 1 778 0
1 812 3 688 3 227 1
2 598 1 483 3 981 0
1 232 3 195 0 591 3
1 724 3 88 0 115 1
0 245 1 345 1 324 1
0 903 2 650 1 323 1
0 656 1 211 0 736 2
0 679 1 236 3 784 0
1 252 1 573 1 943 2
1 267 3 340 3 589 2
2 912 3 445 0 532 0
2 269 2 773 0 124 2
0 260 2 703 0 428 0
0 371 2 917 2 201 1
0 790 3 538 2 778 3
1 310 3 135 3 405 0
2 881 2 232 2 309 3
0 737 0 368 0 110 1
0 312 2 964 2 845 2
2 623 1 187 2 828 2
1 98 0 445 1 396 2
0 802 0 57 3 708 2
0 739 1 513 3 247 0
1 629 3 901 1 75 3
1 778 2 100 0 203 2
2 951 0 203 1 652 1
2 361 3 424 0 384 1
2 631 1 846 0 825 3
1 900 2 681 2 413 2
2 968 0 263 3 540 3
0 192 0 280 1 55 0
2 440 2 974 3 959 0
1 784 3 822 1 658 3
0 71 1 678 3 373 1
1 913 0 334 2 192 2
1 248 3 721 0 313 3
2 272 3 147 1 139 1
1 797 1 513 0 166 3
2 540 1 921 1 597 3
1 142 1 275 2 892 0
1 205 0 893 2 967 1
0 106 2 685 3 539 2
0 706 2 438 2 579 3
2 528 2 667 2 892 2
0 784 2 194 2 390 0
0 710 1 763 0 843 0
1 735 2 899 1 444 2
1 375 1 146 0 72 1
2 316 3 43 0 102 1
0 844 1 318 2 158 1
0 354 1 795 1 936 2
0 732 0 625 0 490 3
1 914 1 698 2 44 1
1 498 3 477 3 360 3
2 519 1 324 1 518 3
0 806 2 196 3 958 1
0 448 0 771 2 529 1
1 926 3 627 0 246 0
2 606 3 73 1 888 1
0 759 1 16 1 91 0
0 49 1 511 2 682 2
0 563 0 509 1 19 0
1 617 0 737 3 899 2
0 140 0 755 3 781 0
0 872 0 625 1 778 0
1 812 3 688 3 227 1
2 598 1 483 3 981 0
1 232 3 195 0 591 3
1 724 3 88 0 115 1
0 245 1 345 1 324 1
0 903 2 650 1 323 1
0 656 1 211 0 736 2
0 679 1 236 3 784 0
1 252 1 573 1 943 2
1 267 3 340 3 589 2
2 912 3 445 0 532 0
2 269 2 773 0 124 2
0 260 2 703 0 428 0
0 371 2 917 2 201 1
0 790 3 538 2 778 3
1 310 3 135 3 405 0
2 881 2 232 2 309 3
0 737 0 368 0 110 1
0 312 2 964 2 845 2
2 623 1 187 2 828 2
1 98 0 445 1 396 2
0 802 0 57 3 708 2
0 739 1 513 3 247 0
1 629 3 901 1 75 3
1 778 2 100 0 203 2
2 951 0 203 1 652 1
2 361 3 424 0 384 1
2 631 1 846 0 825 3
1 900 2 681 2 413 2
2 968 0 263 3 540 3
0 192 0 280 1 55 0
2 440 2 974 3 959 0
1 784 3 822 1 658 3
0 71 1 678 3 373 1
1 913 0 334 2 192 2
1 248 3 721 0 313 3
2 272 3 147 1 139 1
1 797 1 513 0 166 3
2 540 1 921 1 597 3
1 142 1 275 2 892 0
1 205 0 893 2 967 1
0 106 2 685 3 539 2
0 706 2 438 2 579 3
2 528 2 667 2 892 2
0 784 2 194 2 390 0
0 710 1 763 0 843 0
1 735 2 899 1 444 2
1 375 1 146 0 72 1
2 316 3 43 0 102 1
0 844 1 318 2 158 1
0 354 1 795 1 936 2
0 732 0 625 0 490 3
1 914 1 698 2 44 1
1 498 3 477 3 360 3
2 519 1 324 1 518 3
0 806 2 196 3 958 1
0 448 0 771 2 529 1
1 926 3 627 0 246 0
2 606 3 73 1 888 1
0 759 1 16 1 91 0
0 49 1 511 2 682 2
0 563 0 509 1 19 0
1 617 0 737 3 899 2
0 140 0 755 3 781 0
0 872 0 625 1 778 0
1 812 3 688 3 227 1
2 598 1 483 3 981 0
1 232 3 195 0 591 3
1 724 3 88 0 115 1
0 245 1 345 1 324 1
0 903 2 650 1 323 1
0 656 1 211 0 736 2
0 679 1 236 3 784 0
1 252 1 573 1 943 2
1 267 3 340 3 589 2
2 912 3 445 0 532 0
2 269 2 773 0 124 2
0 260 2 703 0 428 0
0 371 2 917 2 201 1
0 790 3 538 2 778 3
1 310 3 135 3 405 0
2 881 2 232 2 309 3
0 737 0 368 0 110 1
0 312 2 964 2 845 2
2 623 1 187 2 828 2
1 98 0 445 1 396 2
0 802 0 57 3 708 2
0 739 1 513 3 247 0
1 629 3 901 1 75 3
1 778 2 100 0 203 2
2 951 0 203 1 652 1
2 361 3 424 0 384 1
2 631 1 846 0 825 3
1 900 2 681 2 413 2
2 968 0 263 3 540 3
0 192 0 280 1 55 0
2 440 2 974 3 959 0
1 784 3 822 1 658 3
0 71 1 678 3 373 1
1 913 0 334 2 192 2
1 248 3 721 0 313 3
2 272 3 147 1 139 1
1 797 1 513 0 166 3
2 540 1 921 1 597 3
1 142 1 275 2 892 0
1 205 0 893 2 967 1
0 106 2 685 3 539 2
0 706 2 438 2 579 3
2 528 2 667 2 892 2
0 784 2 194 2 390 0
0 710 1 763 0 843 0
1 735 2 899 1 444 2
1 375 1 146 0 72 1
2 316 3 43 0 102 1
0 844 1 318 2 158 1
0 354 1 795 1 936 2
0 732 0 625 0 490 3
1 914 1 698 2 44 1
1 498 3 477 3 360 3
2 519 1 324 1 518 3
0 806 2 196 3 958 1
0 448 0 771 2 529 1
1 926 3 627 0 246 0
2 606 3 73 1 888 1
0 759 1 16 1 91 0
0 49 1 511 2 682 2
0 563 0 509 1 19 0
1 617 0 737 3 899 2
0 140 0 755 3 781 0
0 872 0 625 1 778 0
1 812 3 688 3 227 1
2 598 1 483 3 981 0
1 232 3 195 0 591 3
1 724 3 88 0 115 1
0 245 1 345 1 324 1
0 903 2 650 1 323 1
0 656 1 211 0 736 2
0 679 1 236 3 784 0
1 252 1 573 1 943 2
1 267 3 340 3 589 2
2 912 3 445 0 532 0
2 269 2 773 0 124 2
0 260 2 703 0 428 0
0 371 2 917 2 201 1
0 790 3 538 2 778 3
1 310 3 135 3 405 0
2 881 2 232 2 309 3
0 737 0 368 0 110 1
0 312 2 964 2 845 2
2 623 1 187 2 828 2
2 778 0 421 3 494 3
1 98 0 445 1 396 2
0 802 0 57 3 708 2
0 739 1 513 3 247 0
1 629 3 901 1 75 3
1 778 2 100 0 203 2
2 951 0 203 1 652 1
2 361 3 424 0 384 1
2 631 1 846 0 825 3
1 900 2 681 2 413 2
2 968 0 263 3 540 3
0 192 0 280 1 55 0
2 440 2 974 3 959 0
1 784 3 822 1 658 3
0 71 1 678 3 373 1
1 913 0 334 2 192 2
1 248 3 721 0 313 3
2 272 3 147 1 139 1
1 797 1 513 0 166 3
2 540 1 921 1 597 3
1 142 1 275 2 892 0
1 205 0 893 2 967 1
0 106 2 685 3 539 2
0 706 2 438 2 579 3
2 528 2 667 2 892 2
0 784 2 194 2 390 0
0 710 1 763 0 843 0
1 735 2 899 1 444 2
1 375 1 146 0 72 1
2 316 3 43 0 102 1
0 844 1 318 2 158 1
0 354 1 795 1 936 2
0 732 0 625 0 490 3
1 914 1 698 2 44 1
1 498 3 477 3 360 3
2 519 1 324 1 518 3
0 806 2 196 3 958 1
0 448 0 771 2 529 1
1 926 3 627 0 246 0
2 606 3 73 1 888 1
0 759 1 16 1 91 0
0 49 1 511 2 682 2
0 563 0 509 1 19 0
1 617 0 737 3 899 2
0 140 0 755 3 781 0
0 872 0 625 1 778 0
1 812 3 688 3 227 1
2 598 1 483 3 981 0
1 232 3 195 0 591 3
1 724 3 88 0 115 1
0 245 1 345 1 324 1
0 903 2 650 1 323 1
0 656 1 211 0 736 2
0 679 1 236 3 784 0
1 252 1 573 1 943 2
1 267 3 340 3 589 2
2 912 3 445 0 532 0
2 269 2 773 0 124 2
0 260 2 703 0 428 0
0 371 2 917 2 201 1
0 790 3 538 2 778 3
1 310 3 135 3 405 0
2 881 2 232 2 309 3
0 737 0 368 0 110 1
0 312 2 964 2 845 2
2 623 1 187 2 828 2
1 98 0 445 1 396 2
0 802 0 57 3 708 2
0 739 1 513 3 247 0
1 629 3 901 1 75 3
1 778 2 100 0 203 2
2 951 0 203 1 652 1
2 361 3 424 0 384 1
2 631 1 846 0 825 3
1 900 2 681 2 413 2
2 968 0 263 3 540 3
0 192 0 280 1 55 0
2 440 2 974 3 959 0
1 784 3 822 1 658 3
0 71 1 678 3 373 1
1 913 0 334 2 192 2
1 248 3 721 0 313 3
2 272 3 147 1 139 1
1 797 1 513 0 166 3
2 540 1 921 1 597 3
1 142 1 275 2 892 0
1 205 0 893 2 967 1
0 106 2 685 3 539 2
0 706 2 438 2 579 3
2 528 2 667 2 892 2
0 784 2 194 2 390 0
0 710 1 763 0 843 0
1 735 2 899 1 444 2
1 375 1 146 0 72 1
2 316 3 43 0 102 1
0 844 1 318 2 158 1
0 354 1 795 1 936 2
0 732 0 625 0 490 3
1 914 1 698 2 44 1
1 498 3 477 3 360 3
2 519 1 324 1 518 3
0 806 2 196 3 958 1
0 448 0 771 2 529 1
1 926 3 627 0 246 0
2 606 3 73 1 888 1
0 759 1 16 1 91 0
0 49 1 511 2 682 2
0 563 0 509 1 19 0
1 617 0 737 3 899 2
0 140 0 755 3 781 0
0 872 0 625 1 778 0
1 812 3 688 3 227 1
2 598 1 483 3 981 0
1 232 3 195 0 591 3
1 724 3 88 0 115 1
0 245 1 345 1 324 1
0 903 2 650 1 323 1
0 656 1 211 0 736 2
0 679 1 236 3 784 0
1 252 1 573 1 943 2
1 267 3 340 3 589 2
2 912 3 445 0 532 0
2 269 2 773 0 124 2
0 260 2 703 0 428 0
0 371 2 917 2 201 1
0 790 3 538 2 778 3
1 310 3 135 3 405 0
2 881 2 232 2 309 3
0 737 0 368 0 110 1
0 312 2 964 2 845 2
2 623 1 187 2 828 2
1 98 0 445 1 396 2
0 802 0 57 3 708 2
0 739 1 513 3 247 0
1 629 3 901 1 75 3
1 778 2 100 0 203 2
2 951 0 203 1 652 1
2 361 3 424 0 384 1
2 631 1 846 0 825 3
1 900 2 681 2 413 2
2 968 0 263 3 540 3
0 192 0 280 1 55 0
2 440 2 974 3 959 0
1 784 3 822 1 658 3
0 71 1 678 3 373 1
1 913 0 334 2 192 2
1 248 3 721 0 313 3
2 272 3 147 1 139 1
1 797 1 513 0 166 3
2 540 1 921 1 597 3
1 142 1 275 2 892 0
1 205 0 893 2 967 1
0 106 2 685 3 539 2
0 706 2 438 2 579 3
2 528 2 667 2 892 2
0 784 2 194 2 390 0
0 710 1 763 0 843 0
1 735 2 899 1 444 2
1 375 1 146 0 72 1
2 316 3 43 0 102 1
0 844 1 318 2 158 1
0 354 1 795 1 936 2
0 732 0 625 0 490 3
1 914 1 698 2 44 1
1 498 3 477 3 360 3
2 519 1 324 1 518 3
0 806 2 196 3 958 1
0 448 0 771 2 529 1
1 926 3 627 0 246 0
2 606 3 73 1 888 1
0 759 1 16 1 91 0
0 49 1 511 2 682 2
0 563 0 509 1 19 0
1 617 0 737 3 899 2
0 140 0 755 3 781 0
0 872 0 625 1 778 0
1 812 3 688 3 227 1
2 598 1 483 3 981 0
1 232 3 195 0 591 3
1 724 3 88 0 115 1
0 245 1 345 1 324 1
0 903 2 650 1 323 1
0 656 1 211 0 736 2
0 679 1 236 3 784 0
1 252 1 573 1 943 2
1 267 3 340 3 589 2
2 912 3 445 0 532 0
2 269 2 773 0 124 2
0 260 2 703 0 428 0
0 371 2 917 2 201 1
0 790 3 538 2 778 3
1 310 3 135 3 405 0
2 881 2 232 2 309 3
0 737 0 368 0 110 1
0 312 2 964 2 845 2
2 623 1 187 2 828 2
0 171 1 488 2 472 0
1 699 2 956 3 23 3
0 50 0 742 0 607 2
1 98 0 445 1 396 2
0 802 0 57 3 708 2
0 739 1 513 3 247 0
1 629 3 901 1 75 3
1 778 2 100 0 203 2
2 951 0 203 1 652 1
2 361 3 424 0 384 1
2 631 1 846 0 825 3
1 900 2 681 2 413 2
2 968 0 263 3 540 3
0 192 0 280 1 55 0
2 440 2 974 3 959 0
1 784 3 822 1 658 3
0 71 1 678 3 373 1
1 913 0 334 2 192 2
1 248 3 721 0 313 3
2 272 3 147 1 139 1
1 797 1 513 0 166 3
2 540 1 921 1 597 3
1 142 1 275 2 892 0
1 205 0 893 2 967 1
0 106 2 685 3 539 2
0 706 2 438 2 579 3
2 528 2 667 2 892 2
0 784 2 194 2 390 0
0 710 1 763 0 843 0
1 735 2 899 1 444 2
1 375 1 146 0 72 1
2 316 3 43 0 102 1
0 844 1 318 2 158 1
0 354 1 795 1 936 2
0 732 0 625 0 490 3
1 914 1 698 2 44 1
1 498 3 477 3 360 3
2 519 1 324 1 518 3
0 806 2 196 3 958 1
0 448 0 771 2 529 1
1 926 3 627 0 246 0
2 606 3 73 1 888 1
0 759 1 16 1 91 0
0 49 1 511 2 682 2
0 563 0 509 1 19 0
1 617 0 737 3 899 2
0 140 0 755 3 781 0
0 872 0 625 1 778 0
1 812 3 688 3 227 1
2 598 1 483 3 981 0
1 232 3 195 0 591 3
1 724 3 88 0 115 1
0 245 1 345 1 324 1
0 903 2 650 1 323 1
0 656 1 211 0 736 2
0 679 1 236 3 784 0
1 252 1 573 1 943 2
1 267 3 340 3 589 2
2 912 3 445 0 532 0
2 269 2 773 0 124 2
0 260 2 703 0 428 0
0 371 2 917 2 201 1
0 790 3 538 2 778 3
1 310 3 135 3 405 0
2 881 2 232 2 309 3
0 737 0 368 0 110 1
0 312 2 964 2 845 2
2 623 1 187 2 828 2
1 98 0 445 1 396 2
0 802 0 57 3 708 2
0 739 1 513 3 247 0
1 629 3 901 1 75 3
1 778 2 100 0 203 2
2 951 0 203 1 652 1
2 361 3 424 0 384 1
2 631 1 846 0 825 3
1 900 2 681 2 413 2
2 968 0 263 3 540 3
0 192 0 280 1 55 0
2 440 2 974 3 959 0
1 784 3 822 1 658 3
0 71 1 678 3 373 1
1 913 0 334 2 192 2
1 248 3 721 0 313 3
2 272 3 147 1 139 1
1 797 1 513 0 166 3
2 540 1 921 1 597 3
1 142 1 275 2 892 0
1 205 0 893 2 967 1
0 106 2 685 3 539 2
0 706 2 438 2 579 3
2 528 2 667 2 892 2
0 784 2 194 2 390 0
0 710 1 763 0 843 0
1 735 2 899 1 444 2
1 375 1 146 0 72 1
2 316 3 43 0 102 1
0 844 1 318 2 158 1
0 354 1 795 1 936 2
0 732 0 625 0 490 3
1 914 1 698 2 44 1
1 498 3 477 3 360 3
2 519 1 324 1 518 3
0 806 2 196 3 958 1
0 448 0 771 2 529 1
1 926 3 627 0 246 0
2 606 3 73 1 888 1
0 759 1 16 1 91 0
0 49 1 511 2 682 2
0 563 0 509 1 19 0
1 617 0 737 3 899 2
0 140 0 755 3 781 0
0 872 0 625 1 778 0
1 812 3 688 3 227 1
2 598 1 483 3 981 0
1 232 3 195 0 591 3
1 724 3 88 0 115 1
0 245 1 345 1 324 1
0 903 2 650 1 323 1
0 656 1 211 0 736 2
0 679 1 236 3 784 0
1 252 1 573 1 943 2
1 267 3 340 3 589 2
2 912 3 445 0 532 0
2 269 2 773 0 124 2
0 260 2 703 0 428 0
0 371 2 917 2 201 1
0 790 3 538 2 778 3
1 310 3 135 3 405 0
2 881 2 232 2 309 3
0 737 0 368 0 110 1
0 312 2 964 2 845 2
2 623 1 187 2 828 2
1 98 0 445 1 396 2
0 802 0 57 3 708 2
0 739 1 513 3 247 0
1 629 3 901 1 75 3
1 778 2 100 0 203 2
2 951 0 203 1 652 1
2 361 3 424 0 384 1
2 631 1 846 0 825 3
1 900 2 681 2 413 2
2 968 0 263 3 540 3
0 192 0 280 1 55 0
2 440 2 974 3 959 0
1 784 3 822 1 658 3
0 71 1 678 3 373 1
1 913 0 334 2 192 2
1 248 3 721 0 313 3
2 272 3 147 1 139 1
1 797 1 513 0 166 3
2 540 1 921 1 597 3
1 142 1 275 2 892 0
1 205 0 893 2 967 1
0 106 2 685 3 539 2
0 706 2 438 2 579 3
2 528 2 667 2 892 2
0 784 2 194 2 390 0
0 710 1 763 0 843 0
1 735 2 899 1 444 2
1 375 1 146 0 72 1
2 316 3 43 0 102 1
0 844 1 318 2 158 1
0 354 1 795 1 936 2
0 732 0 625 0 490 3
1 914 1 698 2 44 1
1 498 3 477 3 360 3
2 519 1 324 1 518 3
0 806 2 196 3 958 1
0 448 0 771 2 529 1
1 926 3 627 0 246 0
2 606 3 73 1 888 1
0 759 1 16 1 91 0
0 49 1 511 2 682 2
0 563 0 509 1 19 0
1 617 0 737 3 899 2
0 140 0 755 3 781 0
0 872 0 625 1 778 0
1 812 3 688 3 227 1
2 598 1 483 3 981 0
1 232 3 195 0 591 3
1 724 3 88 0 115 1
0 245 1 345 1 324 1
0 903 2 650 1 323 1
0 656 1 211 0 736 2
0 679 1 236 3 784 0
1 252 1 573 1 943 2
1 267 3 340 3 589 2
2 912 3 445 0 532 0
2 269 2 773 0 124 2
0 260 2 703 0 428 0
0 371 2 917 2 201 1
0 790 3 538 2 778 3
1 310 3 135 3 405 0
2 881 2 232 2 309 3
0 737 0 368 0 110 1
0 312 2 964 2 845 2
2 623 1 187 2 828 2
1 202 2 820 0 269 1
1 98 0 445 1 396 2
0 802 0 57 3 708 2
0 739 1 513 3 247 0
1 629 3 901 1 75 3
1 778 2 100 0 203 2
2 951 0 203 1 652 1
2 361 3 424 0 384 1
2 631 1 846 0 825 3
1 900 2 681 2 413 2
2 968 0 263 3 540 3
0 192 0 280 1 55 0
2 440 2 974 3 959 0
1 784 3 822 1 658 3
0 71 1 678 3 373 1
1 913 0 334 2 192 2
1 248 3 721 0 313 3
2 272 3 147 1 139 1
1 797 1 513 0 166 3
2 540 1 921 1 597 3
1 142 1 275 2 892 0
1 205 0 893 2 967 1
0 106 2 685 3 539 2
0 706 2 438 2 579 3
2 528 2 667 2 892 2
0 784 2 194 2 390 0
0 710 1 763 0 843 0
1 735 2 899 1 444 2
1 375 1 146 0 72 1
2 316 3 43 0 102 1
0 844 1 318 2 158 1
0 354 1 795 1 936 2
0 732 0 625 0 490 3
1 914 1 698 2 44 1
1 498 3 477 3 360 3
2 519 1 324 1 518 3
0 806 2 196 3 958 1
0 448 0 771 2 529 1
1 926 3 627 0 246 0
2 606 3 73 1 888 1
0 759 1 16 1 91 0
0 49 1 511 2 682 2
0 563 0 509 1 19 0
1 617 0 737 3 899 2
0 140 0 755 3 781 0
0 872 0 625 1 778 0
1 812 3 688 3 227 1
2 598 1 483 3 981 0
1 232 3 195 0 591 3
1 724 3 88 0 115 1
0 245 1 345 1 324 1
0 903 2 650 1 323 1
0 656 1 211 0 736 2
0 679 1 236 3 784 0
1 252 1 573 1 943 2
1 267 3 340 3 589 2
2 912 3 445 0 532 0
2 269 2 773 0 124 2
0 260 2 703 0 428 0
0 371 2 917 2 201 1
0 790 3 538 2 778 3
1 310 3 135 3 405 0
2 881 2 232 2 309 3
0 737 0 368 0 110 1
0 312 2 964 2 845 2
2 623 1 187 2 828 2
1 132 3 789 0 449 1
1 98 0 445 1 396 2
0 802 0 57 3 708 2
0 739 1 513 3 247 0
1 629 3 901 1 75 3
1 778 2 100 0 203 2
2 951 0 203 1 652 1
2 361 3 424 0 384 1
2 631 1 846 0 825 3
1 900 2 681 2 413 2
2 968 0 263 3 540 3
0 192 0 280 1 55 0
2 440 2 974 3 959 0
1 784 3 822 1 658 3
0 71 1 678 3 373 1
1 913 0 334 2 192 2
1 248 3 721 0 313 3
2 272 3 147 1 139 1
1 797 1 513 0 166 3
2 540 1 921 1 597 3
1 142 1 275 2 892 0
1 205 0 893 2 967 1
0 106 2 685 3 539 2
0 706 2 438 2 579 3
2 528 2 667 2 892 2
0 784 2 194 2 390 0
0 710 1 763 0 843 0
1 735 2 899 1 444 2
1 375 1 146 0 72 1
2 316 3 43 0 102 1
0 844 1 318 2 158 1
0 354 1 795 1 936 2
0 732 0 625 0 490 3
1 914 1 698 2 44 1
1 498 3 477 3 360 3
2 519 1 324 1 518 3
0 806 2 196 3 958 1
0 448 0 771 2 529 1
1 926 3 627 0 246 0
2 606 3 73 1 888 1
0 759 1 16 1 91 0
0 49 1 511 2 682 2
0 563 0 509 1 19 0
1 617 0 737 3 899 2
0 140 0 755 3 781 0
0 872 0 625 1 778 0
1 812 3 688 3 227 1
2 598 1 483 3 981 0
1 232 3 195 0 591 3
1 724 3 88 0 115 1
0 245 1 345 1 324 1
0 903 2 650 1 323 1
0 656 1 211 0 736 2
0 679 1 236 3 784 0
1 252 1 573 1 943 2
1 267 3 340 3 589 2
2 912 3 445 0 532 0
2 269 2 773 0 124 2
0 260 2 703 0 428 0
0 371 2 917 2 201 1
0 790 3 538 2 778 3
1 310 3 135 3 405 0
2 881 2 232 2 309 3
0 737 0 368 0 110 1
0 312 2 964 2 845 2
2 623 1 187 2 828 2
1 198 1 226 3 447 3
0 432 0 418 1 945 0
0 460 1 367 0 465 1
1 98 0 445 1 396 2
0 802 0 57 3 708 2
0 739 1 513 3 247 0
1 629 3 901 1 75 3
1 778 2 100 0 203 2
2 951 0 203 1 652 1
2 361 3 424 0 384 1
2 631 1 846 0 825 3
1 900 2 681 2 413 2
2 968 0 263 3 540 3
0 192 0 280 1 55 0
2 440 2 974 3 959 0
1 784 3 822 1 658 3
0 71 1 678 3 373 1
1 913 0 334 2 192 2
1 248 3 721 0 313 3
2 272 3 147 1 139 1
1 797 1 513 0 166 3
2 540 1 921 1 597 3
1 142 1 275 2 892 0
1 205 0 893 2 967 1
0 106 2 685 3 539 2
0 706 2 438 2 579 3
2 528 2 667 2 892 2
0 784 2 194 2 390 0
0 710 1 763 0 843 0
1 735 2 899 1 444 2
1 375 1 146 0 72 1
2 316 3 43 0 102 1
0 844 1 318 2 158 1
0 354 1 795 1 936 2
0 732 0 625 0 490 3
1 914 1 698 2 44 1
1 498 3 477 3 360 3
2 519 1 324 1 518 3
0 806 2 196 3 958 1
0 448 0 771 2 529 1
1 926 3 627 0 246 0
2 606 3 73 1 888 1
0 759 1 16 1 91 0
0 49 1 511 2 682 2
0 563 0 509 1 19 0
1 617 0 737 3 899 2
0 140 0 755 3 781 0
0 872 0 625 1 778 0
1 812 3 688 3 227 1
2 598 1 483 3 981 0
1 232 3 195 0 591 3
1 724 3 88 0 115 1
0 245 1 345 1 324 1
0 903 2 650 1 323 1
0 656 1 211 0 736 2
0 679 1 236 3 784 0
1 252 1 573 1 943 2
1 267 3 340 3 589 2
2 912 3 445 0 532 0
2 269 2 773 0 124 2
0 260 2 703 0 428 0
0 371 2 917 2 201 1
0 790 3 538 2 778 3
1 310 3 135 3 405 0
2 881 2 232 2 309 3
0 737 0 368 0 110 1
0 312 2 964 2 845 2
2 623 1 187 2 828 2
1 98 0 445 1 396 2
0 802 0 57 3 708 2
0 739 1 513 3 247 0
1 629 3 901 1 75 3
1 778 2 100 0 203 2
2 951 0 203 1 652 1
2 361 3 424 0 384 1
2 631 1 846 0 825 3
1 900 2 681 2 413 2
2 968 0 263 3 540 3
0 192 0 280 1 55 0
2 440 2 974 3 959 0
1 784 3 822 1 658 3
0 71 1 678 3 373 1
1 913 0 334 2 192 2
1 248 3 721 0 313 3
2 272 3 147 1 139 1
1 797 1 513 0 166 3
2 540 1 921 1 597 3
1 142 1 275 2 892 0
1 205 0 893 2 967 1
0 106 2 685 3 539 2
0 706 2 438 2 579 3
2 528 2 667 2 892 2
0 784 2 194 2 390 0
0 710 1 763 0 843 0
1 735 2 899 1 444 2
1 375 1 146 0 72 1
2 316 3 43 0 102 1
0 844 1 318 2 158 1
0 354 1 795 1 936 2
0 732 0 625 0 490 3
1 914 1 698 2 44 1
1 498 3 477 3 360 3
2 519 1 324 1 518 3
0 806 2 196 3 958 1
0 448 0 771 2 529 1
1 926 3 627 0 246 0
2 606 3 73 1 888 1
0 759 1 16 1 91 0
0 49 1 511 2 682 2
0 563 0 509 1 19 0
1 617 0 737 3 899 2
0 140 0 755 3 781 0
0 872 0 625 1 778 0
1 812 3 688 3 227 1
2 598 1 483 3 981 0
1 232 3 195 0 591 3
1 724 3 88 0 115 1
0 245 1 345 1 324 1
0 903 2 650 1 323 1
0 656 1 211 0 736 2
0 679 1 236 3 784 0
1 252 1 573 1 943 2
1 267 3 340 3 589 2
2 912 3 445 0 532 0
2 269 2 773 0 124 2
0 260 2 703 0 428 0
0 371 2 917 2 201 1
0 790 3 538 2 778 3
1 310 3 135 3 405 0
2 881 2 232 2 309 3
0 737 0 368 0 110 1
0 312 2 964 2 845 2
2 623 1 187 2 828 2
1 98 0 445 1 396 2
0 802 0 57 3 708 2
0 739 1 513 3 247 0
1 629 3 901 1 75 3
1 778 2 100 0 203 2
2 951 0 203 1 652 1
2 361 3 424 0 384 1
2 631 1 846 0 825 3
1 900 2 681 2 413 2
2 968 0 263 3 540 3
0 192 0 280 1 55 0
2 440 2 974 3 959 0
1 784 3 822 1 658 3
0 71 1 678 3 373 1
1 913 0 334 2 192 2
1 248 3 721 0 313 3
2 272 3 147 1 139 1
1 797 1 513 0 166 3
2 540 1 921 1 597 3
1 142 1 275 2 892 0
1 205 0 893 2 967 1
0 106 2 685 3 539 2
0 706 2 438 2 579 3
2 528 2 667 2 892 2
0 784 2 194 2 390 0
0 710 1 763 0 843 0
1 735 2 899 1 444 2
1 375 1 146 0 72 1
2 316 3 43 0 102 1
0 844 1 318 2 158 1
0 354 1 795 1 936 2
0 732 0 625 0 490 3
1 914 1 698 2 44 1
1 498 3 477 3 360 3
2 519 1 324 1 518 3
0 806 2 196 3 958 1
0 448 0 771 2 529 1
1 926 3 627 0 246 0
2 606 3 73 1 888 1
0 759 1 16 1 91 0
0 49 1 511 2 682 2
0 563 0 509 1 19 0
1 617 0 737 3 899 2
0 140 0 755 3 781 0
0 872 0 625 1 778 0
1 812 3 688 3 227 1
2 598 1 483 3 981 0
1 232 3 195 0 591 3
1 724 3 88 0 115 1
0 245 1 345 1 324 1
0 903 2 650 1 323 1
0 656 1 211 0 736 2
0 679 1 236 3 784 0
1 252 1 573 1 943 2
1 267 3 340 3 589 2
2 912 3 445 0 532 0
2 269 2 773 0 124 2
0 260 2 703 0 428 0
0 371 2 917 2 201 1
0 790 3 538 2 778 3
1 310 3 135 3 405 0
2 881 2 232 2 309 3
0 737 0 368 0 110 1
0 312 2 964 2 845 2
2 623 1 187 2 828 2
1 98 0 445 1 396 2
0 802 0 57 3 708 2
0 739 1 513 3 247 0
1 629 3 901 1 75 3
1 778 2 100 0 203 2
2 951 0 203 1 652 1
2 361 3 424 0 384 1
2 631 1 846 0 825 3
1 900 2 681 2 413 2
2 968 0 263 3 540 3
0 192 0 280 1 55 0
2 440 2 974 3 959 0
1 784 3 822 1 658 3
0 71 1 678 3 373 1
1 913 0 334 2 192 2
1 248 3 721 0 313 3
2 272 3 147 1 139 1
1 797 1 513 0 166 3
2 540 1 921 1 597 3
1 142 1 275 2 892 0
1 205 0 893 2 967 1
0 106 2 685 3 539 2
0 706 2 438 2 579 3
2 528 2 667 2 892 2
0 784 2 194 2 390 0
0 710 1 763 0 843 0
1 735 2 899 1 444 2
1 375 1 146 0 72 1
2 316 3 43 0 102 1
0 844 1 318 2 158 1
0 354 1 795 1 936 2
0 732 0 625 0 490 3
1 914 1 698 2 44 1
1 498 3 477 3 360 3
2 519 1 324 1 518 3
0 806 2 196 3 958 1
0 448 0 771 2 529 1
1 926 3 627 0 246 0
2 606 3 73 1 888 1
0 759 1 16 1 91 0
0 49 1 511 2 682 2
0 563 0 509 1 19 0
1 617 0 737 3 899 2
0 140 0 755 3 781 0
0 872 0 625 1 778 0
1 812 3 688 3 227 1
2 598 1 483 3 981 0
1 232 3 195 0 591 3
1 724 3 88 0 115 1
0 245 1 345 1 324 1
0 903 2 650 1 323 1
0 656 1 211 0 736 2
0 679 1 236 3 784 0
1 252 1 573 1 943 2
1 267 3 340 3 589 2
2 912 3 445 0 532 0
2 269 2 773 0 124 2
0 260 2 703 0 428 0
0 371 2 917 2 201 1
0 790 3 538 2 778 3
1 310 3 135 3 405 0
2 881 2 232 2 309 3
0 737 0 368 0 110 1
0 312 2 964 2 845 2
2 623 1 187 2 828 2
1 268 1 208 2 966 3
1 98 0 445 1 396 2
0 802 0 57 3 708 2
0 739 1 513 3 247 0
1 629 3 901 1 75 3
1 778 2 100 0 203 2
2 951 0 203 1 652 1
2 361 3 424 0 384 1
2 631 1 846 0 825 3
1 900 2 681 2 413 2
2 968 0 263 3 540 3
0 192 0 280 1 55 0
2 440 2 974 3 959 0
1 784 3 822 1 658 3
0 71 1 678 3 373 1
1 913 0 334 2 192 2
1 248 3 721 0 313 3
2 272 3 147 1 139 1
1 797 1 513 0 166 3
2 540 1 921 1 597 3
1 142 1 275 2 892 0
1 205 0 893 2 967 1
0 106 2 685 3 539 2
0 706 2 438 2 579 3
2 528 2 667 2 892 2
0 784 2 194 2 390 0
0 710 1 763 0 843 0
1 735 2 899 1 444 2
1 375 1 146 0 72 1
2 316 3 43 0 102 1
0 844 1 318 2 158 1
0 354 1 795 1 936 2
0 732 0 625 0 490 3
1 914 1 698 2 44 1
1 498 3 477 3 360 3
2 519 1 324 1 518 3
0 806 2 196 3 958 1
0 448 0 771 2 529 1
1 926 3 627 0 246 0
2 606 3 73 1 888 1
0 759 1 16 1 91 0
0 49 1 511 2 682 2
0 563 0 509 1 19 0
1 617 0 737 3 899 2
0 140 0 755 3 781 0
0 872 0 625 1 778 0
1 812 3 688 3 227 1
2 598 1 483 3 981 0
1 232 3 195 0 591 3
1 724 3 88 0 115 1
0 245 1 345 1 324 1
0 903 2 650 1 323 1
0 656 1 211 0 736 2
0 679 1 236 3 784 0
1 252 1 573 1 943 2
1 267 3 340 3 589 2
2 912 3 445 0 532 0
2 269 2 773 0 124 2
0 260 2 703 0 428 0
0 371 2 917 2 201 1
0 790 3 538 2 778 3
1 310 3 135 3 405 0
2 881 2 232 2 309 3
0 737 0 368 0 110 1
0 312 2 964 2 845 2
2 623 1 187 2 828 2
2 183 3 162 0 869 3
2 583 2 949 0 101 1
1 98 0 445 1 396 2
0 802 0 57 3 708 2
0 739 1 513 3 247 0
1 629 3 901 1 75 3
1 778 2 100 0 203 2
2 951 0 203 1 652 1
2 361 3 424 0 384 1
2 631 1 846 0 825 3
1 900 2 681 2 413 2
2 968 0 263 3 540 3
0 192 0 280 1 55 0
2 440 2 974 3 959 0
1 784 3 822 1 658 3
0 71 1 678 3 373 1
1 913 0 334 2 192 2
1 248 3 721 0 313 3
2 272 3 147 1 139 1
1 797 1 513 0 166 3
2 540 1 921 1 597 3
1 142 1 275 2 892 0
1 205 0 893 2 967 1
0 106 2 685 3 539 2
0 706 2 438 2 579 3
2 528 2 667 2 892 2
0 784 2 194 2 390 0
0 710 1 763 0 843 0
1 735 2 899 1 444 2
1 375 1 146 0 72 1
2 316 3 43 0 102 1
0 844 1 318 2 158 1
0 354 1 795 1 936 2
0 732 0 625 0 490 3
1 914 1 698 2 44 1
1 498 3 477 3 360 3
2 519 1 324 1 518 3
0 806 2 196 3 958 1
0 448 0 771 2 529 1
1 926 3 627 0 246 0
2 606 3 73 1 888 1
0 759 1 16 1 91 0
0 49 1 511 2 682 2
0 563 0 509 1 19 0
1 617 0 737 3 899 2
0 140 0 755 3 781 0
0 872 0 625 1 778 0
1 812 3 688 3 227 1
2 598 1 483 3 981 0
1 232 3 195 0 591 3
1 724 3 88 0 115 1
0 245 1 345 1 324 1
0 903 2 650 1 323 1
0 656 1 211 0 736 2
0 679 1 236 3 784 0
1 252 1 573 1 943 2
1 267 3 340 3 589 2
2 912 3 445 0 532 0
2 269 2 773 0 124 2
0 260 2 703 0 428 0
0 371 2 917 2 201 1
0 790 3 538 2 778 3
1 310 3 135 3 405 0
2 881 2 232 2 309 3
0 737 0 368 0 110 1
0 312 2 964 2 845 2
2 623 1 187 2 828 2
1 98 0 445 1 396 2
0 802 0 57 3 708 2
0 739 1 513 3 247 0
1 629 3 901 1 75 3
1 778 2 100 0 203 2
2 951 0 203 1 652 1
2 361 3 424 0 384 1
2 631 1 846 0 825 3
1 900 2 681 2 413 2
2 968 0 263 3 540 3
0 192 0 280 1 55 0
2 440 2 974 3 959 0
1 784 3 822 1 658 3
0 71 1 678 3 373 1
1 913 0 334 2 192 2
1 248 3 721 0 313 3
2 272 3 147 1 139 1
1 797 1 513 0 166 3
2 540 1 921 1 597 3
1 142 1 275 2 892 0
1 205 0 893 2 967 1
0 106 2 685 3 539 2
0 706 2 438 2 579 3
2 528 2 667 2 892 2
0 784 2 194 2 390 0
0 710 1 763 0 843 0
1 735 2 899 1 444 2
1 375 1 146 0 72 1
2 316 3 43 0 102 1
0 844 1 318 2 158 1
0 354 1 795 1 936 2
0 732 0 625 0 490 3
1 914 1 698 2 44 1
1 498 3 477 3 360 3
2 519 1 324 1 518 3
0 806 2 196 3 958 1
0 448 0 771 2 529 1
1 926 3 627 0 246 0
2 606 3 73 1 888 1
0 759 1 16 1 91 0
0 49 1 511 2 682 2
0 563 0 509 1 19 0
1 617 0 737 3 899 2
0 140 0 755 3 781 0
0 872 0 625 1 778 0
1 812 3 688 3 227 1
2 598 1 483 3 981 0
1 232 3 195 0 591 3
1 724 3 88 0 115 1
0 245 1 345 1 324 1
0 903 2 650 1 323 1
0 656 1 211 0 736 2
0 679 1 236 3 784 0
1 252 1 573 1 943 2
1 267 3 340 3 589 2
2 912 3 445 0 532 0
2 269 2 773 0 124 2
0 260 2 703 0 428 0
0 371 2 917 2 201 1
0 790 3 538 2 778 3
1 310 3 135 3 405 0
2 881 2 232 2 309 3
0 737 0 368 0 110 1
0 312 2 964 2 845 2
2 623 1 187 2 828 2
1 98 0 445 1 396 2
0 802 0 57 3 708 2
0 739 1 513 3 247 0
1 629 3 901 1 75 3
1 778 2 100 0 203 2
2 951 0 203 1 652 1
2 361 3 424 0 384 1
2 631 1 846 0 825 3
1 900 2 681 2 413 2
2 968 0 263 3 540 3
0 192 0 280 1 55 0
2 440 2 974 3 959 0
1 784 3 822 1 658 3
0 71 1 678 3 373 1
1 913 0 334 2 192 2
1 248 3 721 0 313 3
2 272 3 147 1 139 1
1 797 1 513 0 166 3
2 540 1 921 1 597 3
1 142 1 275 2 892 0
1 205 0 893 2 967 1
0 106 2 685 3 539 2
0 706 2 438 2 579 3
2 528 2 667 2 892 2
0 784 2 194 2 390 0
0 710 1 763 0 843 0
1 735 2 899 1 444 2
1 375 1 146 0 72 1
2 316 3 43 0 102 1
0 844 1 318 2 158 1
0 354 1 795 1 936 2
0 732 0 625 0 490 3
1 914 1 698 2 44 1
1 498 3 477 3 360 3
2 519 1 324 1 518 3
0 806 2 196 3 958 1
0 448 0 771 2 529 1
1 926 3 627 0 246 0
2 606 3 73 1 888 1
0 759 1 16 1 91 0
0 49 1 511 2 682 2
0 563 0 509 1 19 0
1 617 0 737 3 899 2
0 140 0 755 3 781 0
0 872 0 625 1 778 0
1 812 3 688 3 227 1
2 598 1 483 3 981 0
1 232 3 195 0 591 3
1 724 3 88 0 115 1
0 245 1 345 1 324 1
0 903 2 650 1 323 1
0 656 1 211 0 736 2
0 679 1 236 3 784 0
1 252 1 573 1 943 2
1 267 3 340 3 589 2
2 912 3 445 0 532 0
2 269 2 773 0 124 2
0 260 2 703 0 428 0
0 371 2 917 2 201 1
0 790 3 538 2 778 3
1 310 3 135 3 405 0
2 881 2 232 2 309 3
0 737 0 368 0 110 1
0 312 2 964 2 845 2
2 623 1 187 2 828 2
2 115 2 213 3 551 1
2 208 3 283 2 935 2
1 98 0 445 1 396 2
0 802 0 57 3 708 2
0 739 1 513 3 247 0
1 629 3 901 1 75 3
1 778 2 100 0 203 2
2 951 0 203 1 652 1
2 361 3 424 0 384 1
2 631 1 846 0 825 3
1 900 2 681 2 413 2
2 968 0 263 3 540 3
0 192 0 280 1 55 0
2 440 2 974 3 959 0
1 784 3 822 1 658 3
0 71 1 678 3 373 1
1 913 0 334 2 192 2
1 248 3 721 0 313 3
2 272 3 147 1 139 1
1 797 1 513 0 166 3
2 540 1 921 1 597 3
1 142 1 275 2 892 0
1 205 0 893 2 967 1
0 106 2 685 3 539 2
0 706 2 438 2 579 3
2 528 2 667 2 892 2
0 784 2 194 2 390 0
0 710 1 763 0 843 0
1 735 2 899 1 444 2
1 375 1 146 0 72 1
2 316 3 43 0 102 1
0 844 1 318 2 158 1
0 354 1 795 1 936 2
0 732 0 625 0 490 3
1 914 1 698 2 44 1
1 498 3 477 3 360 3
2 519 1 324 1 518 3
0 806 2 196 3 958 1
0 448 0 771 2 529 1
1 926 3 627 0 246 0
2 606 3 73 1 888 1
0 759 1 16 1 91 0
0 49 1 511 2 682 2
0 563 0 509 1 19 0
1 617 0 737 3 899 2
0 140 0 755 3 781 0
0 872 0 625 1 778 0
1 812 3 688 3 227 1
2 598 1 483 3 981 0
1 232 3 195 0 591 3
1 724 3 88 0 115 1
0 245 1 345 1 324 1
0 903 2 650 1 323 1
0 656 1 211 0 736 2
0 679 1 236 3 784 0
1 252 1 573 1 943 2
1 267 3 340 3 589 2
2 912 3 445 0 532 0
2 269 2 773 0 124 2
0 260 2 703 0 428 0
0 371 2 917 2 201 1
0 790 3 538 2 778 3
1 310 3 135 3 405 0
2 881 2 232 2 309 3
0 737 0 368 0 110 1
0 312 2 964 2 845 2
2 623 1 187 2 828 2
0 248 0 444 3 902 1
1 98 0 445 1 396 2
0 802 0 57 3 708 2
0 739 1 513 3 247 0
1 629 3 901 1 75 3
1 778 2 100 0 203 2
2 951 0 203 1 652 1
2 361 3 424 0 384 1
2 631 1 846 0 825 3
1 900 2 681 2 413 2
2 968 0 263 3 540 3
0 192 0 280 1 55 0
2 440 2 974 3 959 0
1 784 3 822 1 658 3
0 71 1 678 3 373 1
1 913 0 334 2 192 2
1 248 3 721 0 313 3
2 272 3 147 1 139 1
1 797 1 513 0 166 3
2 540 1 921 1 597 3
1 142 1 275 2 892 0
1 205 0 893 2 967 1
0 106 2 685 3 539 2
0 706 2 438 2 579 3
2 528 2 667 2 892 2
0 784 2 194 2 390 0
0 710 1 763 0 843 0
1 735 2 899 1 444 2
1 375 1 146 0 72 1
2 316 3 43 0 102 1
0 844 1 318 2 158 1
0 354 1 795 1 936 2
0 732 0 625 0 490 3
1 914 1 698 2 44 1
1 498 3 477 3 360 3
2 519 1 324 1 518 3
0 806 2 196 3 958 1
0 448 0 771 2 529 1
1 926 3 627 0 246 0
2 606 3 73 1 888 1
0 759 1 16 1 91 0
0 49 1 511 2 682 2
0 563 0 509 1 19 0
1 617 0 737 3 899 2
0 140 0 755 3 781 0
0 872 0 625 1 778 0
1 812 3 688 3 227 1
2 598 1 483 3 981 0
1 232 3 195 0 591 3
1 724 3 88 0 115 1
0 245 1 345 1 324 1
0 903 2 650 1 323 1
0 656 1 211 0 736 2
0 679 1 236 3 784 0
1 252 1 573 1 943 2
1 267 3 340 3 589 2
2 912 3 445 0 532 0
2 269 2 773 0 124 2
0 260 2 703 0 428 0
0 371 2 917 2 201 1
0 790 3 538 2 778 3
1 310 3 135 3 405 0
2 881 2 232 2 309 3
0 737 0 368 0 110 1
0 312 2 964 2 845 2
2 623 1 187 2 828 2
1 98 0 445 1 396 2
0 802 0 57 3 708 2
0 739 1 513 3 247 0
1 629 3 901 1 75 3
1 778 2 100 0 203 2
2 951 0 203 1 652 1
2 361 3 424 0 384 1
2 631 1 846 0 825 3
1 900 2 681 2 413 2
2 968 0 263 3 540 3
0 192 0 280 1 55 0
2 440 2 974 3 959 0
1 784 3 822 1 658 3
0 71 1 678 3 373 1
1 913 0 334 2 192 2
1 248 3 721 0 313 3
2 272 3 147 1 139 1
1 797 1 513 0 166 3
2 540 1 921 1 597 3
1 142 1 275 2 892 0
1 205 0 893 2 967 1
0 106 2 685 3 539 2
0 706 2 438 2 579 3
2 528 2 667 2 892 2
0 784 2 194 2 390 0
0 710 1 763 0 843 0
1 735 2 899 1 444 2
1 375 1 146 0 72 1
2 316 3 43 0 102 1
0 844 1 318 2 158 1
0 354 1 795 1 936 2
0 732 0 625 0 490 3
1 914 1 698 2 44 1
1 498 3 477 3 360 3
2 519 1 324 1 518 3
0 806 2 196 3 958 1
0 448 0 771 2 529 1
1 926 3 627 0 246 0
2 606 3 73 1 888 1
0 759 1 16 1 91 0
0 49 1 511 2 682 2
0 563 0 509 1 19 0
1 617 0 737 3 899 2
0 140 0 755 3 781 0
0 872 0 625 1 778 0
1 812 3 688 3 227 1
2 598 1 483 3 981 0
1 232 3 195 0 591 3
1 724 3 88 0 115 1
0 245 1 345 1 324 1
0 903 2 650 1 323 1
0 656 1 211 0 736 2
0 679 1 236 3 784 0
1 252 1 573 1 943 2
1 267 3 340 3 589 2
2 912 3 445 0 532 0
2 269 2 773 0 124 2
0 260 2 703 0 428 0
0 371 2 917 2 201 1
0 790 3 538 2 778 3
1 310 3 135 3 405 0
2 881 2 232 2 309 3
0 737 0 368 0 110 1
0 312 2 964 2 845 2
2 623 1 187 2 828 2
0 250 1 77 3 961 3
1 98 0 445 1 396 2
0 802 0 57 3 708 2
0 739 1 513 3 247 0
1 629 3 901 1 75 3
1 778 2 100 0 203 2
2 951 0 203 1 652 1
2 361 3 424 0 384 1
2 631 1 846 0 825 3
1 900 2 681 2 413 2
2 968 0 263 3 540 3
0 192 0 280 1 55 0
2 440 2 974 3 959 0
1 784 3 822 1 658 3
0 71 1 678 3 373 1
1 913 0 334 2 192 2
1 248 3 721 0 313 3
2 272 3 147 1 139 1
1 797 1 513 0 166 3
2 540 1 921 1 597 3
1 142 1 275 2 892 0
1 205 0 893 2 967 1
0 106 2 685 3 539 2
0 706 2 438 2 579 3
2 528 2 667 2 892 2
0 784 2 194 2 390 0
0 710 1 763 0 843 0
1 735 2 899 1 444 2
1 375 1 146 0 72 1
2 316 3 43 0 102 1
0 844 1 318 2 158 1
0 354 1 795 1 936 2
0 732 0 625 0 490 3
1 914 1 698 2 44 1
1 498 3 477 3 360 3
2 519 1 324 1 518 3
0 806 2 196 3 958 1
0 448 0 771 2 529 1
1 926 3 627 0 246 0
2 606 3 73 1 888 1
0 759 1 16 1 91 0
0 49 1 511 2 682 2
0 563 0 509 1 19 0
1 617 0 737 3 899 2
0 140 0 755 3 781 0
0 872 0 625 1 778 0
1 812 3 688 3 227 1
2 598 1 483 3 981 0
1 232 3 195 0 591 3
1 724 3 88 0 115 1
0 245 1 345 1 324 1
0 903 2 650 1 323 1
0 656 1 211 0 736 2
0 679 1 236 3 784 0
1 252 1 573 1 943 2
1 267 3 340 3 589 2
2 912 3 445 0 532 0
2 269 2 773 0 124 2
0 260 2 703 0 428 0
0 371 2 917 2 201 1
0 790 3 538 2 778 3
1 310 3 135 3 405 0
2 881 2 232 2 309 3
0 737 0 368 0 110 1
0 312 2 964 2 845 2
2 623 1 187 2 828 2
2 770 2 85 2 354 0
0 807 2 544 2 970 0
1 98 0 445 1 396 2
0 802 0 57 3 708 2
0 739 1 513 3 247 0
1 629 3 901 1 75 3
1 778 2 100 0 203 2
2 951 0 203 1 652 1
2 361 3 424 0 384 1
2 631 1 846 0 825 3
1 900 2 681 2 413 2
2 968 0 263 3 540 3
0 192 0 280 1 55 0
2 440 2 974 3 959 0
1 784 3 822 1 658 3
0 71 1 678 3 373 1
1 913 0 334 2 192 2
1 248 3 721 0 313 3
2 272 3 147 1 139 1
1 797 1 513 0 166 3
2 540 1 921 1 597 3
1 142 1 275 2 892 0
1 205 0 893 2 967 1
0 106 2 685 3 539 2
0 706 2 438 2 579 3
2 528 2 667 2 892 2
0 784 2 194 2 390 0
0 710 1 763 0 843 0
1 735 2 899 1 444 2
1 375 1 146 0 72 1
2 316 3 43 0 102 1
0 844 1 318 2 158 1
0 354 1 795 1 936 2
0 732 0 625 0 490 3
1 914 1 698 2 44 1
1 498 3 477 3 360 3
2 519 1 324 1 518 3
0 806 2 196 3 958 1
0 448 0 771 2 529 1
1 926 3 627 0 246 0
2 606 3 73 1 888 1
0 759 1 16 1 91 0
0 49 1 511 2 682 2
0 563 0 509 1 19 0
1 617 0 737 3 899 2
0 140 0 755 3 781 0
0 872 0 625 1 778 0
1 812 3 688 3 227 1
2 598 1 483 3 981 0
1 232 3 195 0 591 3
1 724 3 88 0 115 1
0 245 1 345 1 324 1
0 903 2 650 1 323 1
0 656 1 211 0 736 2
0 679 1 236 3 784 0
1 252 1 573 1 943 2
1 267 3 340 3 589 2
2 912 3 445 0 532 0
2 269 2 773 0 124 2
0 260 2 703 0 428 0
0 371 2 917 2 201 1
0 790 3 538 2 778 3
1 310 3 135 3 405 0
2 881 2 232 2 309 3
0 737 0 368 0 110 1
0 312 2 964 2 845 2
2 623 1 187 2 828 2
2 952 1 674 3 258 1
1 98 0 445 1 396 2
0 802 0 57 3 708 2
0 739 1 513 3 247 0
1 629 3 901 1 75 3
1 778 2 100 0 203 2
2 951 0 203 1 652 1
2 361 3 424 0 384 1
2 631 1 846 0 825 3
1 900 2 681 2 413 2
2 968 0 263 3 540 3
0 192 0 280 1 55 0
2 440 2 974 3 959 0
1 784 3 822 1 658 3
0 71 1 678 3 373 1
1 913 0 334 2 192 2
1 248 3 721 0 313 3
2 272 3 147 1 139 1
1 797 1 513 0 166 3
2 540 1 921 1 597 3
1 142 1 275 2 892 0
1 205 0 893 2 967 1
0 106 2 685 3 539 2
0 706 2 438 2 579 3
2 528 2 667 2 892 2
0 784 2 194 2 390 0
0 710 1 763 0 843 0
1 735 2 899 1 444 2
1 375 1 146 0 72 1
2 316 3 43 0 102 1
0 844 1 318 2 158 1
0 354 1 795 1 936 2
0 732 0 625 0 490 3
1 914 1 698 2 44 1
1 498 3 477 3 360 3
2 519 1 324 1 518 3
0 806 2 196 3 958 1
0 448 0 771 2 529 1
1 926 3 627 0 246 0
2 606 3 73 1 888 1
0 759 1 16 1 91 0
0 49 1 511 2 682 2
0 563 0 509 1 19 0
1 617 0 737 3 899 2
0 140 0 755 3 781 0
0 872 0 625 1 778 0
1 812 3 688 3 227 1
2 598 1 483 3 981 0
1 232 3 195 0 591 3
1 724 3 88 0 115 1
0 245 1 345 1 324 1
0 903 2 650 1 323 1
0 656 1 211 0 736 2
0 679 1 236 3 784 0
1 252 1 573 1 943 2
1 267 3 340 3 589 2
2 912 3 445 0 532 0
2 269 2 773 0 124 2
0 260 2 703 0 428 0
0 371 2 917 2 201 1
0 790 3 538 2 778 3
1 310 3 135 3 405 0
2 881 2 232 2 309 3
0 737 0 368 0 110 1
0 312 2 964 2 845 2
2 623 1 187 2 828 2
1 98 0 445 1 396 2
0 802 0 57 3 708 2
0 739 1 513 3 247 0
1 629 3 901 1 75 3
1 778 2 100 0 203 2
2 951 0 203 1 652 1
2 361 3 424 0 384 1
2 631 1 846 0 825 3
1 900 2 681 2 413 2
2 968 0 263 3 540 3
0 192 0 280 1 55 0
2 440 2 974 3 959 0
1 784 3 822 1 658 3
0 71 1 678 3 373 1
1 913 0 334 2 192 2
1 248 3 721 0 313 3
2 272 3 147 1 139 1
1 797 1 513 0 166 3
2 540 1 921 1 597 3
1 142 1 275 2 892 0
1 205 0 893 2 967 1
0 106 2 685 3 539 2
0 706 2 438 2 579 3
2 528 2 667 2 892 2
0 784 2 194 2 390 0
0 710 1 763 0 843 0
1 735 2 899 1 444 2
1 375 1 146 0 72 1
2 316 3 43 0 102 1
0 844 1 318 2 158 1
0 354 1 795 1 936 2
0 732 0 625 0 490 3
1 914 1 698 2 44 1
1 498 3 477 3 360 3
2 519 1 324 1 518 3
0 806 2 196 3 958 1
0 448 0 771 2 529 1
1 926 3 627 0 246 0
2 606 3 73 1 888 1
0 759 1 16 1 91 0
0 49 1 511 2 682 2
0 563 0 509 1 19 0
1 617 0 737 3 899 2
0 140 0 755 3 781 0
0 872 0 625 1 778 0
1 812 3 688 3 227 1
2 598 1 483 3 981 0
1 232 3 195 0 591 3
1 724 3 88 0 115 1
0 245 1 345 1 324 1
0 903 2 650 1 323 1
0 656 1 211 0 736 2
0 679 1 236 3 784 0
1 252 1 573 1 943 2
1 267 3 340 3 589 2
2 912 3 445 0 532 0
2 269 2 773 0 124 2
0 260 2 703 0 428 0
0 371 2 917 2 201 1
0 790 3 538 2 778 3
1 310 3 135 3 405 0
2 881 2 232 2 309 3
0 737 0 368 0 110 1
0 312 2 964 2 845 2
2 623 1 187 2 828 2
0 351 1 994 2 531 1
1 98 0 445 1 396 2
0 802 0 57 3 708 2
0 739 1 513 3 247 0
1 629 3 901 1 75 3
1 778 2 100 0 203 2
2 951 0 203 1 652 1
2 361 3 424 0 384 1
2 631 1 846 0 825 3
1 900 2 681 2 413 2
2 968 0 263 3 540 3
0 192 0 280 1 55 0
2 440 2 974 3 959 0
1 784 3 822 1 658 3
0 71 1 678 3 373 1
1 913 0 334 2 192 2
1 248 3 721 0 313 3
2 272 3 147 1 139 1
1 797 1 513 0 166 3
2 540 1 921 1 597 3
1 142 1 275 2 892 0
1 205 0 893 2 967 1
0 106 2 685 3 539 2
0 706 2 438 2 579 3
2 528 2 667 2 892 2
0 784 2 194 2 390 0
0 710 1 763 0 843 0
1 735 2 899 1 444 2
1 375 1 146 0 72 1
2 316 3 43 0 102 1
0 844 1 318 2 158 1
0 354 1 795 1 936 2
0 732 0 625 0 490 3
1 914 1 698 2 44 1
1 498 3 477 3 360 3
2 519 1 324 1 518 3
0 806 2 196 3 958 1
0 448 0 771 2 529 1
1 926 3 627 0 246 0
2 606 3 73 1 888 1
0 759 1 16 1 91 0
0 49 1 511 2 682 2
0 563 0 509 1 19 0
1 617 0 737 3 899 2
0 140 0 755 3 781 0
0 872 0 625 1 778 0
1 812 3 688 3 227 1
2 598 1 483 3 981 0
1 232 3 195 0 591 3
1 724 3 88 0 115 1
0 245 1 345 1 324 1
0 903 2 650 1 323 1
0 656 1 211 0 736 2
0 679 1 236 3 784 0
1 252 1 573 1 943 2
1 267 3 340 3 589 2
2 912 3 445 0 532 0
2 269 2 773 0 124 2
0 260 2 703 0 428 0
0 371 2 917 2 201 1
0 790 3 538 2 778 3
1 310 3 135 3 405 0
2 881 2 232 2 309 3
0 737 0 368 0 110 1
0 312 2 964 2 845 2
2 623 1 187 2 828 2
1 98 0 445 1 396 2
0 802 0 57 3 708 2
0 739 1 513 3 247 0
1 629 3 901 1 75 3
1 778 2 100 0 203 2
2 951 0 203 1 652 1
2 361 3 424 0 384 1
2 631 1 846 0 825 3
1 900 2 681 2 413 2
2 968 0 263 3 540 3
0 192 0 280 1 55 0
2 440 2 974 3 959 0
1 784 3 822 1 658 3
0 71 1 678 3 373 1
1 913 0 334 2 192 2
1 248 3 721 0 313 3
2 272 3 147 1 139 1
1 797 1 513 0 166 3
2 540 1 921 1 597 3
1 142 1 275 2 892 0
1 205 0 893 2 967 1
0 106 2 685 3 539 2
0 706 2 438 2 579 3
2 528 2 667 2 892 2
0 784 2 194 2 390 0
0 710 1 763 0 843 0
1 735 2 899 1 444 2
1 375 1 146 0 72 1
2 316 3 43 0 102 1
0 844 1 318 2 158 1
0 354 1 795 1 936 2
0 732 0 625 0 490 3
1 914 1 698 2 44 1
1 498 3 477 3 360 3
2 519 1 324 1 518 3
0 806 2 196 3 958 1
0 448 0 771 2 529 1
1 926 3 627 0 246 0
2 606 3 73 1 888 1
0 759 1 16 1 91 0
0 49 1 511 2 682 2
0 563 0 509 1 19 0
1 617 0 737 3 899 2
0 140 0 755 3 781 0
0 872 0 625 1 778 0
1 812 3 688 3 227 1
2 598 1 483 3 981 0
1 232 3 195 0 591 3
1 724 3 88 0 115 1
0 245 1 345 1 324 1
0 903 2 650 1 323 1
0 656 1 211 0 736 2
0 679 1 236 3 784 0
1 252 1 573 1 943 2
1 267 3 340 3 589 2
2 912 3 445 0 532 0
2 269 2 773 0 124 2
0 260 2 703 0 428 0
0 371 2 917 2 201 1
0 790 3 538 2 778 3
1 310 3 135 3 405 0
2 881 2 232 2 309 3
0 737 0 368 0 110 1
0 312 2 964 2 845 2
2 623 1 187 2 828 2
1 482 0 882 0 136 1
1 556 1 222 0 658 1
1 98 0 445 1 396 2
0 802 0 57 3 708 2
0 739 1 513 3 247 0
1 629 3 901 1 75 3
1 778 2 100 0 203 2
2 951 0 203 1 652 1
2 361 3 424 0 384 1
2 631 1 846 0 825 3
1 900 2 681 2 413 2
2 968 0 263 3 540 3
0 192 0 280 1 55 0
2 440 2 974 3 959 0
1 784 3 822 1 658 3
0 71 1 678 3 373 1
1 913 0 334 2 192 2
1 248 3 721 0 313 3
2 272 3 147 1 139 1
1 797 1 513 0 166 3
2 540 1 921 1 597 3
1 142 1 275 2 892 0
1 205 0 893 2 967 1
0 106 2 685 3 539 2
0 706 2 438 2 579 3
2 528 2 667 2 892 2
0 784 2 194 2 390 0
0 710 1 763 0 843 0
1 735 2 899 1 444 2
1 375 1 146 0 72 1
2 316 3 43 0 102 1
0 844 1 318 2 158 1
0 354 1 795 1 936 2
0 732 0 625 0 490 3
1 914 1 698 2 44 1
1 498 3 477 3 360 3
2 519 1 324 1 518 3
0 806 2 196 3 958 1
0 448 0 771 2 529 1
1 926 3 627 0 246 0
2 606 3 73 1 888 1
0 759 1 16 1 91 0
0 49 1 511 2 682 2
0 563 0 509 1 19 0
1 617 0 737 3 899 2
0 140 0 755 3 781 0
0 872 0 625 1 778 0
1 812 3 688 3 227 1
2 598 1 483 3 981 0
1 232 3 195 0 591 3
1 724 3 88 0 115 1
0 245 1 345 1 324 1
0 903 2 650 1 323 1
0 656 1 211 0 736 2
0 679 1 236 3 784 0
1 252 1 573 1 943 2
1 267 3 340 3 589 2
2 912 3 445 0 532 0
2 269 2 773 0 124 2
0 260 2 703 0 428 0
0 371 2 917 2 201 1
0 790 3 538 2 778 3
1 310 3 135 3 405 0
2 881 2 232 2 309 3
0 737 0 368 0 110 1
0 312 2 964 2 845 2
2 623 1 187 2 828 2
2 281 0 938 3 955 3
2 582 2 228 0 121 3
1 98 0 445 1 396 2
0 802 0 57 3 708 2
0 739 1 513 3 247 0
1 629 3 901 1 75 3
1 778 2 100 0 203 2
2 951 0 203 1 652 1
2 361 3 424 0 384 1
2 631 1 846 0 825 3
1 900 2 681 2 413 2
2 968 0 263 3 540 3
0 192 0 280 1 55 0
2 440 2 974 3 959 0
1 784 3 822 1 658 3
0 71 1 678 3 373 1
1 913 0 334 2 192 2
1 248 3 721 0 313 3
2 272 3 147 1 139 1
1 797 1 513 0 166 3
2 540 1 921 1 597 3
1 142 1 275 2 892 0
1 205 0 893 2 967 1
0 106 2 685 3 539 2
0 706 2 438 2 579 3
2 528 2 667 2 892 2
0 784 2 194 2 390 0
0 710 1 763 0 843 0
1 735 2 899 1 444 2
1 375 1 146 0 72 1
2 316 3 43 0 102 1
0 844 1 318 2 158 1
0 354 1 795 1 936 2
0 732 0 625 0 490 3
1 914 1 698 2 44 1
1 498 3 477 3 360 3
2 519 1 324 1 518 3
0 806 2 196 3 958 1
0 448 0 771 2 529 1
1 926 3 627 0 246 0
2 606 3 73 1 888 1
0 759 1 16 1 91 0
0 49 1 511 2 682 2
0 563 0 509 1 19 0
1 617 0 737 3 899 2
0 140 0 755 3 781 0
0 872 0 625 1 778 0
1 812 3 688 3 227 1
2 598 1 483 3 981 0
1 232 3 195 0 591 3
1 724 3 88 0 115 1
0 245 1 345 1 324 1
0 903 2 650 1 323 1
0 656 1 211 0 736 2
0 679 1 236 3 784 0
1 252 1 573 1 943 2
1 267 3 340 3 589 2
2 912 3 445 0 532 0
2 269 2 773 0 124 2
0 260 2 703 0 428 0
0 371 2 917 2 201 1
0 790 3 538 2 778 3
1 310 3 135 3 405 0
2 881 2 232 2 309 3
0 737 0 368 0 110 1
0 312 2 964 2 845 2
2 623 1 187 2 828 2
1 98 0 445 1 396 2
0 802 0 57 3 708 2
0 739 1 513 3 247 0
1 629 3 901 1 75 3
1 778 2 100 0 203 2
2 951 0 203 1 652 1
2 361 3 424 0 384 1
2 631 1 846 0 825 3
1 900 2 681 2 413 2
2 968 0 263 3 540 3
0 192 0 280 1 55 0
2 440 2 974 3 959 0
1 784 3 822 1 658 3
0 71 1 678 3 373 1
1 913 0 334 2 192 2
1 248 3 721 0 313 3
2 272 3 147 1 139 1
1 797 1 513 0 166 3
2 540 1 921 1 597 3
1 142 1 275 2 892 0
1 205 0 893 2 967 1
0 106 2 685 3 539 2
0 706 2 438 2 579 3
2 528 2 667 2 892 2
0 784 2 194 2 390 0
0 710 1 763 0 843 0
1 735 2 899 1 444 2
1 375 1 146 0 72 1
2 316 3 43 0 102 1
0 844 1 318 2 158 1
0 354 1 795 1 936 2
0 732 0 625 0 490 3
1 914 1 698 2 44 1
1 498 3 477 3 360 3
2 519 1 324 1 518 3
0 806 2 196 3 958 1
0 448 0 771 2 529 1
1 926 3 627 0 246 0
2 606 3 73 1 888 1
0 759 1 16 1 91 0
0 49 1 511 2 682 2
0 563 0 509 1 19 0
1 617 0 737 3 899 2
0 140 0 755 3 781 0
0 872 0 625 1 778 0
1 812 3 688 3 227 1
2 598 1 483 3 981 0
1 232 3 195 0 591 3
1 724 3 88 0 115 1
0 245 1 345 1 324 1
0 903 2 650 1 323 1
0 656 1 211 0 736 2
0 679 1 236 3 784 0
1 252 1 573 1 943 2
1 267 3 340 3 589 2
2 912 3 445 0 532 0
2 269 2 773 0 124 2
0 260 2 703 0 428 0
0 371 2 917 2 201 1
0 790 3 538 2 778 3
1 310 3 135 3 405 0
2 881 2 232 2 309 3
0 737 0 368 0 110 1
0 312 2 964 2 845 2
2 623 1 187 2 828 2
1 98 0 445 1 396 2
0 802 0 57 3 708 2
0 739 1 513 3 247 0
1 629 3 901 1 75 3
1 778 2 100 0 203 2
2 951 0 203 1 652 1
2 361 3 424 0 384 1
2 631 1 846 0 825 3
1 900 2 681 2 413 2
2 968 0 263 3 540 3
0 192 0 280 1 55 0
2 440 2 974 3 959 0
1 784 3 822 1 658 3
0 71 1 678 3 373 1
1 913 0 334 2 192 2
1 248 3 721 0 313 3
2 272 3 147 1 139 1
1 797 1 513 0 166 3
2 540 1 921 1 597 3
1 142 1 275 2 892 0
1 205 0 893 2 967 1
0 106 2 685 3 539 2
0 706 2 438 2 579 3
2 528 2 667 2 892 2
0 784 2 194 2 390 0
0 710 1 763 0 843 0
1 735 2 899 1 444 2
1 375 1 146 0 72 1
2 316 3 43 0 102 1
0 844 1 318 2 158 1
0 354 1 795 1 936 2
0 732 0 625 0 490 3
1 914 1 698 2 44 1
1 498 3 477 3 360 3
2 519 1 324 1 518 3
0 806 2 196 3 958 1
0 448 0 771 2 529 1
1 926 3 627 0 246 0
2 606 3 73 1 888 1
0 759 1 16 1 91 0
0 49 1 511 2 682 2
0 563 0 509 1 19 0
1 617 0 737 3 899 2
0 140 0 755 3 781 0
0 872 0 625 1 778 0
1 812 3 688 3 227 1
2 598 1 483 3 981 0
1 232 3 195 0 591 3
1 724 3 88 0 115 1
0 245 1 345 1 324 1
0 903 2 650 1 323 1
0 656 1 211 0 736 2
0 679 1 236 3 784 0
1 252 1 573 1 943 2
1 267 3 340 3 589 2
2 912 3 445 0 532 0
2 269 2 773 0 124 2
0 260 2 703 0 428 0
0 371 2 917 2 201 1
0 790 3 538 2 778 3
1 310 3 135 3 405 0
2 881 2 232 2 309 3
0 737 0 368 0 110 1
0 312 2 964 2 845 2
2 623 1 187 2 828 2
1 98 0 445 1 396 2
0 802 0 57 3 708 2
0 739 1 513 3 247 0
1 629 3 901 1 75 3
1 778 2 100 0 203 2
2 951 0 203 1 652 1
2 361 3 424 0 384 1
2 631 1 846 0 825 3
1 900 2 681 2 413 2
2 968 0 263 3 540 3
0 192 0 280 1 55 0
2 440 2 974 3 959 0
1 784 3 822 1 658 3
0 71 1 678 3 373 1
1 913 0 334 2 192 2
1 248 3 721 0 313 3
2 272 3 147 1 139 1
1 797 1 513 0 166 3
2 540 1 921 1 597 3
1 142 1 275 2 892 0
1 205 0 893 2 967 1
0 106 2 685 3 539 2
0 706 2 438 2 579 3
2 528 2 667 2 892 2
0 784 2 194 2 390 0
0 710 1 763 0 843 0
1 735 2 899 1 444 2
1 375 1 146 0 72 1
2 316 3 43 0 102 1
0 844 1 318 2 158 1
0 354 1 795 1 936 2
0 732 0 625 0 490 3
1 914 1 698 2 44 1
1 498 3 477 3 360 3
2 519 1 324 1 518 3
0 806 2 196 3 958 1
0 448 0 771 2 529 1
1 926 3 627 0 246 0
2 606 3 73 1 888 1
0 759 1 16 1 91 0
0 49 1 511 2 682 2
0 563 0 509 1 19 0
1 617 0 737 3 899 2
0 140 0 755 3 781 0
0 872 0 625 1 778 0
1 812 3 688 3 227 1
2 598 1 483 3 981 0
1 232 3 195 0 591 3
1 724 3 88 0 115 1
0 245 1 345 1 324 1
0 903 2 650 1 323 1
0 656 1 211 0 736 2
0 679 1 236 3 784 0
1 252 1 573 1 943 2
1 267 3 340 3 589 2
2 912 3 445 0 532 0
2 269 2 773 0 124 2
0 260 2 703 0 428 0
0 371 2 917 2 201 1
0 790 3 538 2 778 3
1 310 3 135 3 405 0
2 881 2 232 2 309 3
0 737 0 368 0 110 1
0 312 2 964 2 845 2
2 623 1 187 2 828 2
1 98 0 445 1 396 2
0 802 0 57 3 708 2
0 739 1 513 3 247 0
1 629 3 901 1 75 3
1 778 2 100 0 203 2
2 951 0 203 1 652 1
2 361 3 424 0 384 1
2 631 1 846 0 825 3
1 900 2 681 2 413 2
2 968 0 263 3 540 3
0 192 0 280 1 55 0
2 440 2 974 3 959 0
1 784 3 822 1 658 3
0 71 1 678 3 373 1
1 913 0 334 2 192 2
1 248 3 721 0 313 3
2 272 3 147 1 139 1
1 797 1 513 0 166 3
2 540 1 921 1 597 3
1 142 1 275 2 892 0
1 205 0 893 2 967 1
0 106 2 685 3 539 2
0 706 2 438 2 579 3
2 528 2 667 2 892 2
0 784 2 194 2 390 0
0 710 1 763 0 843 0
1 735 2 899 1 444 2
1 375 1 146 0 72 1
2 316 3 43 0 102 1
0 844 1 318 2 158 1
0 354 1 795 1 936 2
0 732 0 625 0 490 3
1 914 1 698 2 44 1
1 498 3 477 3 360 3
2 519 1 324 1 518 3
0 806 2 196 3 958 1
0 448 0 771 2 529 1
1 926 3 627 0 246 0
2 606 3 73 1 888 1
0 759 1 16 1 91 0
0 49 1 511 2 682 2
0 563 0 509 1 19 0
1 617 0 737 3 899 2
0 140 0 755 3 781 0
0 872 0 625 1 778 0
1 812 3 688 3 227 1
2 598 1 483 3 981 0
1 232 3 195 0 591 3
1 724 3 88 0 115 1
0 245 1 345 1 324 1
0 903 2 650 1 323 1
0 656 1 211 0 736 2
0 679 1 236 3 784 0
1 252 1 573 1 943 2
1 267 3 340 3 589 2
2 912 3 445 0 532 0
2 269 2 773 0 124 2
0 260 2 703 0 428 0
0 371 2 917 2 201 1
0 790 3 538 2 778 3
1 310 3 135 3 405 0
2 881 2 232 2 309 3
0 737 0 368 0 110 1
0 312 2 964 2 845 2
2 623 1 187 2 828 2
1 98 0 445 1 396 2
0 802 0 57 3 708 2
0 739 1 513 3 247 0
1 629 3 901 1 75 3
1 778 2 100 0 203 2
2 951 0 203 1 652 1
2 361 3 424 0 384 1
2 631 1 846 0 825 3
1 900 2 681 2 413 2
2 968 0 263 3 540 3
0 192 0 280 1 55 0
2 440 2 974 3 959 0
1 784 3 822 1 658 3
0 71 1 678 3 373 1
1 913 0 334 2 192 2
1 248 3 721 0 313 3
2 272 3 147 1 139 1
1 797 1 513 0 166 3
2 540 1 921 1 597 3
1 142 1 275 2 892 0
1 205 0 893 2 967 1
0 106 2 685 3 539 2
0 706 2 438 2 579 3
2 528 2 667 2 892 2
0 784 2 194 2 390 0
0 710 1 763 0 843 0
1 735 2 899 1 444 2
1 375 1 146 0 72 1
2 316 3 43 0 102 1
0 844 1 318 2 158 1
0 354 1 795 1 936 2
0 732 0 625 0 490 3
1 914 1 698 2 44 1
1 498 3 477 3 360 3
2 519 1 324 1 518 3
0 806 2 196 3 958 1
0 448 0 771 2 529 1
1 926 3 627 0 246 0
2 606 3 73 1 888 1
0 759 1 16 1 91 0
0 49 1 511 2 682 2
0 563 0 509 1 19 0
1 617 0 737 3 899 2
0 140 0 755 3 781 0
0 872 0 625 1 778 0
1 812 3 688 3 227 1
2 598 1 483 3 981 0
1 232 3 195 0 591 3
1 724 3 88 0 115 1
0 245 1 345 1 324 1
0 903 2 650 1 323 1
0 656 1 211 0 736 2
0 679 1 236 3 784 0
1 252 1 573 1 943 2
1 267 3 340 3 589 2
2 912 3 445 0 532 0
2 269 2 773 0 124 2
0 260 2 703 0 428 0
0 371 2 917 2 201 1
0 790 3 538 2 778 3
1 310 3 135 3 405 0
2 881 2 232 2 309 3
0 737 0 368 0 110 1
0 312 2 964 2 845 2
2 623 1 187 2 828 2
0 443 3 328 3 53 1
0 455 0 278 1 515 1
1 810 3 611 2 527 1
0 798 3 697 0 470 3
1 98 0 445 1 396 2
0 802 0 57 3 708 2
0 739 1 513 3 247 0
1 629 3 901 1 75 3
1 778 2 100 0 203 2
2 951 0 203 1 652 1
2 361 3 424 0 384 1
2 631 1 846 0 825 3
1 900 2 681 2 413 2
2 968 0 263 3 540 3
0 192 0 280 1 55 0
2 440 2 974 3 959 0
1 784 3 822 1 658 3
0 71 1 678 3 373 1
1 913 0 334 2 192 2
1 248 3 721 0 313 3
2 272 3 147 1 139 1
1 797 1 513 0 166 3
2 540 1 921 1 597 3
1 142 1 275 2 892 0
1 205 0 893 2 967 1
0 106 2 685 3 539 2
0 706 2 438 2 579 3
2 528 2 667 2 892 2
0 784 2 194 2 390 0
0 710 1 763 0 843 0
1 735 2 899 1 444 2
1 375 1 146 0 72 1
2 316 3 43 0 102 1
0 844 1 318 2 158 1
0 354 1 795 1 936 2
0 732 0 625 0 490 3
1 914 1 698 2 44 1
1 498 3 477 3 360 3
2 519 1 324 1 518 3
0 806 2 196 3 958 1
0 448 0 771 2 529 1
1 926 3 627 0 246 0
2 606 3 73 1 888 1
0 759 1 16 1 91 0
0 49 1 511 2 682 2
0 563 0 509 1 19 0
1 617 0 737 3 899 2
0 140 0 755 3 781 0
0 872 0 625 1 778 0
1 812 3 688 3 227 1
2 598 1 483 3 981 0
1 232 3 195 0 591 3
1 724 3 88 0 115 1
0 245 1 345 1 324 1
0 903 2 650 1 323 1
0 656 1 211 0 736 2
0 679 1 236 3 784 0
1 252 1 573 1 943 2
1 267 3 340 3 589 2
2 912 3 445 0 532 0
2 269 2 773 0 124 2
0 260 2 703 0 428 0
0 371 2 917 2 201 1
0 790 3 538 2 778 3
1 310 3 135 3 405 0
2 881 2 232 2 309 3
0 737 0 368 0 110 1
0 312 2 964 2 845 2
2 623 1 187 2 828 2
1 98 0 445 1 396 2
0 802 0 57 3 708 2
0 739 1 513 3 247 0
1 629 3 901 1 75 3
1 778 2 100 0 203 2
2 951 0 203 1 652 1
2 361 3 424 0 384 1
2 631 1 846 0 825 3
1 900 2 681 2 413 2
2 968 0 263 3 540 3
0 192 0 280 1 55 0
2 440 2 974 3 959 0
1 784 3 822 1 658 3
0 71 1 678 3 373 1
1 913 0 334 2 192 2
1 248 3 721 0 313 3
2 272 3 147 1 139 1
1 797 1 513 0 166 3
2 540 1 921 1 597 3
1 142 1 275 2 892 0
1 205 0 893 2 967 1
0 106 2 685 3 539 2
0 706 2 438 2 579 3
2 528 2 667 2 892 2
0 784 2 194 2 390 0
0 710 1 763 0 843 0
1 735 2 899 1 444 2
1 375 1 146 0 72 1
2 316 3 43 0 102 1
0 844 1 318 2 158 1
0 354 1 795 1 936 2
0 732 0 625 0 490 3
1 914 1 698 2 44 1
1 498 3 477 3 360 3
2 519 1 324 1 518 3
0 806 2 196 3 958 1
0 448 0 771 2 529 1
1 926 3 627 0 246 0
2 606 3 73 1 888 1
0 759 1 16 1 91 0
0 49 1 511 2 682 2
0 563 0 509 1 19 0
1 617 0 737 3 899 2
0 140 0 755 3 781 0
0 872 0 625 1 778 0
1 812 3 688 3 227 1
2 598 1 483 3 981 0
1 232 3 195 0 591 3
1 724 3 88 0 115 1
0 245 1 345 1 324 1
0 903 2 650 1 323 1
0 656 1 211 0 736 2
0 679 1 236 3 784 0
1 252 1 573 1 943 2
1 267 3 340 3 589 2
2 912 3 445 0 532 0
2 269 2 773 0 124 2
0 260 2 703 0 428 0
0 371 2 917 2 201 1
0 790 3 538 2 778 3
1 310 3 135 3 405 0
2 881 2 232 2 309 3
0 737 0 368 0 110 1
0 312 2 964 2 845 2
2 623 1 187 2 828 2
1 217 3 714 0 533 1
1 619 0 748 0 61 2
1 98 0 445 1 396 2
0 802 0 57 3 708 2
0 739 1 513 3 247 0
1 629 3 901 1 75 3
1 778 2 100 0 203 2
2 951 0 203 1 652 1
2 361 3 424 0 384 1
2 631 1 846 0 825 3
1 900 2 681 2 413 2
2 968 0 263 3 540 3
0 192 0 280 1 55 0
2 440 2 974 3 959 0
1 784 3 822 1 658 3
0 71 1 678 3 373 1
1 913 0 334 2 192 2
1 248 3 721 0 313 3
2 272 3 147 1 139 1
1 797 1 513 0 166 3
2 540 1 921 1 597 3
1 142 1 275 2 892 0
1 205 0 893 2 967 1
0 106 2 685 3 539 2
0 706 2 438 2 579 3
2 528 2 667 2 892 2
0 784 2 194 2 390 0
0 710 1 763 0 843 0
1 735 2 899 1 444 2
1 375 1 146 0 72 1
2 316 3 43 0 102 1
0 844 1 318 2 158 1
0 354 1 795 1 936 2
0 732 0 625 0 490 3
1 914 1 698 2 44 1
1 498 3 477 3 360 3
2 519 1 324 1 518 3
0 806 2 196 3 958 1
0 448 0 771 2 529 1
1 926 3 627 0 246 0
2 606 3 73 1 888 1
0 759 1 16 1 91 0
0 49 1 511 2 682 2
0 563 0 509 1 19 0
1 617 0 737 3 899 2
0 140 0 755 3 781 0
0 872 0 625 1 778 0
1 812 3 688 3 227 1
2 598 1 483 3 981 0
1 232 3 195 0 591 3
1 724 3 88 0 115 1
0 245 1 345 1 324 1
0 903 2 650 1 323 1
0 656 1 211 0 736 2
0 679 1 236 3 784 0
1 252 1 573 1 943 2
1 267 3 340 3 589 2
2 912 3 445 0 532 0
2 269 2 773 0 124 2
0 260 2 703 0 428 0
0 371 2 917 2 201 1
0 790 3 538 2 778 3
1 310 3 135 3 405 0
2 881 2 232 2 309 3
0 737 0 368 0 110 1
0 312 2 964 2 845 2
2 623 1 187 2 828 2
2 27 2 346 1 908 1
0 400 1 718 1 451 3
2 570 3 196 3 212 3
1 460 2 598 2 978 3
2 733 1 894 1 298 0
2 477 0 364 0 827 2
1 98 0 445 1 396 2
0 802 0 57 3 708 2
0 739 1 513 3 247 0
1 629 3 901 1 75 3
1 778 2 100 0 203 2
2 951 0 203 1 652 1
2 361 3 424 0 384 1
2 631 1 846 0 825 3
1 900 2 681 2 413 2
2 968 0 263 3 540 3
0 192 0 280 1 55 0
2 440 2 974 3 959 0
1 784 3 822 1 658 3
0 71 1 678 3 373 1
1 913 0 334 2 192 2
1 248 3 721 0 313 3
2 272 3 147 1 139 1
1 797 1 513 0 166 3
2 540 1 921 1 597 3
1 142 1 275 2 892 0
1 205 0 893 2 967 1
0 106 2 685 3 539 2
0 706 2 438 2 579 3
2 528 2 667 2 892 2
0 784 2 194 2 390 0
0 710 1 763 0 843 0
1 735 2 899 1 444 2
1 375 1 146 0 72 1
2 316 3 43 0 102 1
0 844 1 318 2 158 1
0 354 1 795 1 936 2
0 732 0 625 0 490 3
1 914 1 698 2 44 1
1 498 3 477 3 360 3
2 519 1 324 1 518 3
0 806 2 196 3 958 1
0 448 0 771 2 529 1
1 926 3 627 0 246 0
2 606 3 73 1 888 1
0 759 1 16 1 91 0
0 49 1 511 2 682 2
0 563 0 509 1 19 0
1 617 0 737 3 899 2
0 140 0 755 3 781 0
0 872 0 625 1 778 0
1 812 3 688 3 227 1
2 598 1 483 3 981 0
1 232 3 195 0 591 3
1 724 3 88 0 115 1
0 245 1 345 1 324 1
0 903 2 650 1 323 1
0 656 1 211 0 736 2
0 679 1 236 3 784 0
1 252 1 573 1 943 2
1 267 3 340 3 589 2
2 912 3 445 0 532 0
2 269 2 773 0 124 2
0 260 2 703 0 428 0
0 371 2 917 2 201 1
0 790 3 538 2 778 3
1 310 3 135 3 405 0
2 881 2 232 2 309 3
0 737 0 368 0 110 1
0 312 2 964 2 845 2
2 623 1 187 2 828 2
0 138 1 565 2 903 2
1 98 0 445 1 396 2
0 802 0 57 3 708 2
0 739 1 513 3 247 0
1 629 3 901 1 75 3
1 778 2 100 0 203 2
2 951 0 203 1 652 1
2 361 3 424 0 384 1
2 631 1 846 0 825 3
1 900 2 681 2 413 2
2 968 0 263 3 540 3
0 192 0 280 1 55 0
2 440 2 974 3 959 0
1 784 3 822 1 658 3
0 71 1 678 3 373 1
1 913 0 334 2 192 2
1 248 3 721 0 313 3
2 272 3 147 1 139 1
1 797 1 513 0 166 3
2 540 1 921 1 597 3
1 142 1 275 2 892 0
1 205 0 893 2 967 1
0 106 2 685 3 539 2
0 706 2 438 2 579 3
2 528 2 667 2 892 2
0 784 2 194 2 390 0
0 710 1 763 0 843 0
1 735 2 899 1 444 2
1 375 1 146 0 72 1
2 316 3 43 0 102 1
0 844 1 318 2 158 1
0 354 1 795 1 936 2
0 732 0 625 0 490 3
1 914 1 698 2 44 1
1 498 3 477 3 360 3
2 519 1 324 1 518 3
0 806 2 196 3 958 1
0 448 0 771 2 529 1
1 926 3 627 0 246 0
2 606 3 73 1 888 1
0 759 1 16 1 91 0
0 49 1 511 2 682 2
0 563 0 509 1 19 0
1 617 0 737 3 899 2
0 140 0 755 3 781 0
0 872 0 625 1 778 0
1 812 3 688 3 227 1
2 598 1 483 3 981 0
1 232 3 195 0 591 3
1 724 3 88 0 115 1
0 245 1 345 1 324 1
0 903 2 650 1 323 1
0 656 1 211 0 736 2
0 679 1 236 3 784 0
1 252 1 573 1 943 2
1 267 3 340 3 589 2
2 912 3 445 0 532 0
2 269 2 773 0 124 2
0 260 2 703 0 428 0
0 371 2 917 2 201 1
0 790 3 538 2 778 3
1 310 3 135 3 405 0
2 881 2 232 2 309 3
0 737 0 368 0 110 1
0 312 2 964 2 845 2
2 623 1 187 2 828 2
1 98 0 445 1 396 2
0 802 0 57 3 708 2
0 739 1 513 3 247 0
1 629 3 901 1 75 3
1 778 2 100 0 203 2
2 951 0 203 1 652 1
2 361 3 424 0 384 1
2 631 1 846 0 825 3
1 900 2 681 2 413 2
2 968 0 263 3 540 3
0 192 0 280 1 55 0
2 440 2 974 3 959 0
1 784 3 822 1 658 3
0 71 1 678 3 373 1
1 913 0 334 2 192 2
1 248 3 721 0 313 3
2 272 3 147 1 139 1
1 797 1 513 0 166 3
2 540 1 921 1 597 3
1 142 1 275 2 892 0
1 205 0 893 2 967 1
0 106 2 685 3 539 2
0 706 2 438 2 579 3
2 528 2 667 2 892 2
0 784 2 194 2 390 0
0 710 1 763 0 843 0
1 735 2 899 1 444 2
1 375 1 146 0 72 1
2 316 3 43 0 102 1
0 844 1 318 2 158 1
0 354 1 795 1 936 2
0 732 0 625 0 490 3
1 914 1 698 2 44 1
1 498 3 477 3 360 3
2 519 1 324 1 518 3
0 806 2 196 3 958 1
0 448 0 771 2 529 1
1 926 3 627 0 246 0
2 606 3 73 1 888 1
0 759 1 16 1 91 0
0 49 1 511 2 682 2
0 563 0 509 1 19 0
1 617 0 737 3 899 2
0 140 0 755 3 781 0
0 872 0 625 1 778 0
1 812 3 688 3 227 1
2 598 1 483 3 981 0
1 232 3 195 0 591 3
1 724 3 88 0 115 1
0 245 1 345 1 324 1
0 903 2 650 1 323 1
0 656 1 211 0 736 2
0 679 1 236 3 784 0
1 252 1 573 1 943 2
1 267 3 340 3 589 2
2 912 3 445 0 532 0
2 269 2 773 0 124 2
0 260 2 703 0 428 0
0 371 2 917 2 201 1
0 790 3 538 2 778 3
1 310 3 135 3 405 0
2 881 2 232 2 309 3
0 737 0 368 0 110 1
0 312 2 964 2 845 2
2 623 1 187 2 828 2
1 98 0 445 1 396 2
0 802 0 57 3 708 2
0 739 1 513 3 247 0
1 629 3 901 1 75 3
1 778 2 100 0 203 2
2 951 0 203 1 652 1
2 361 3 424 0 384 1
2 631 1 846 0 825 3
1 900 2 681 2 413 2
2 968 0 263 3 540 3
0 192 0 280 1 55 0
2 440 2 974 3 959 0
1 784 3 822 1 658 3
0 71 1 678 3 373 1
1 913 0 334 2 192 2
1 248 3 721 0 313 3
2 272 3 147 1 139 1
1 797 1 513 0 166 3
2 540 1 921 1 597 3
1 142 1 275 2 892 0
1 205 0 893 2 967 1
0 106 2 685 3 539 2
0 706 2 438 2 579 3
2 528 2 667 2 892 2
0 784 2 194 2 390 0
0 710 1 763 0 843 0
1 735 2 899 1 444 2
1 375 1 146 0 72 1
2 316 3 43 0 102 1
0 844 1 318 2 158 1
0 354 1 795 1 936 2
0 732 0 625 0 490 3
1 914 1 698 2 44 1
1 498 3 477 3 360 3
2 519 1 324 1 518 3
0 806 2 196 3 958 1
0 448 0 771 2 529 1
1 926 3 627 0 246 0
2 606 3 73 1 888 1
0 759 1 16 1 91 0
0 49 1 511 2 682 2
0 563 0 509 1 19 0
1 617 0 737 3 899 2
0 140 0 755 3 781 0
0 872 0 625 1 778 0
1 812 3 688 3 227 1
2 598 1 483 3 981 0
1 232 3 195 0 591 3
1 724 3 88 0 115 1
0 245 1 345 1 324 1
0 903 2 650 1 323 1
0 656 1 211 0 736 2
0 679 1 236 3 784 0
1 252 1 573 1 943 2
1 267 3 340 3 589 2
2 912 3 445 0 532 0
2 269 2 773 0 124 2
0 260 2 703 0 428 0
0 371 2 917 2 201 1
0 790 3 538 2 778 3
1 310 3 135 3 405 0
2 881 2 232 2 309 3
0 737 0 368 0 110 1
0 312 2 964 2 845 2
2 623 1 187 2 828 2
0 323 3 69 0 72 3
1 98 0 445 1 396 2
0 802 0 57 3 708 2
0 739 1 513 3 247 0
1 629 3 901 1 75 3
1 778 2 100 0 203 2
2 951 0 203 1 652 1
2 361 3 424 0 384 1
2 631 1 846 0 825 3
1 900 2 681 2 413 2
2 968 0 263 3 540 3
0 192 0 280 1 55 0
2 440 2 974 3 959 0
1 784 3 822 1 658 3
0 71 1 678 3 373 1
1 913 0 334 2 192 2
1 248 3 721 0 313 3
2 272 3 147 1 139 1
1 797 1 513 0 166 3
2 540 1 921 1 597 3
1 142 1 275 2 892 0
1 205 0 893 2 967 1
0 106 2 685 3 539 2
0 706 2 438 2 579 3
2 528 2 667 2 892 2
0 784 2 194 2 390 0
0 710 1 763 0 843 0
1 735 2 899 1 444 2
1 375 1 146 0 72 1
2 316 3 43 0 102 1
0 844 1 318 2 158 1
0 354 1 795 1 936 2
0 732 0 625 0 490 3
1 914 1 698 2 44 1
1 498 3 477 3 360 3
2 519 1 324 1 518 3
0 806 2 196 3 958 1
0 448 0 771 2 529 1
1 926 3 627 0 246 0
2 606 3 73 1 888 1
0 759 1 16 1 91 0
0 49 1 511 2 682 2
0 563 0 509 1 19 0
1 617 0 737 3 899 2
0 140 0 755 3 781 0
0 872 0 625 1 778 0
1 812 3 688 3 227 1
2 598 1 483 3 981 0
1 232 3 195 0 591 3
1 724 3 88 0 115 1
0 245 1 345 1 324 1
0 903 2 650 1 323 1
0 656 1 211 0 736 2
0 679 1 236 3 784 0
1 252 1 573 1 943 2
1 267 3 340 3 589 2
2 912 3 445 0 532 0
2 269 2 773 0 124 2
0 260 2 703 0 428 0
0 371 2 917 2 201 1
0 790 3 538 2 778 3
1 310 3 135 3 405 0
2 881 2 232 2 309 3
0 737 0 368 0 110 1
0 312 2 964 2 845 2
2 623 1 187 2 828 2
0 303 1 624 3 785 0
1 198 0 89 1 45 3
1 98 0 445 1 396 2
0 802 0 57 3 708 2
0 739 1 513 3 247 0
1 629 3 901 1 75 3
1 778 2 100 0 203 2
2 951 0 203 1 652 1
2 361 3 424 0 384 1
2 631 1 846 0 825 3
1 900 2 681 2 413 2
2 968 0 263 3 540 3
0 192 0 280 1 55 0
2 440 2 974 3 959 0
1 784 3 822 1 658 3
0 71 1 678 3 373 1
1 913 0 334 2 192 2
1 248 3 721 0 313 3
2 272 3 147 1 139 1
1 797 1 513 0 166 3
2 540 1 921 1 597 3
1 142 1 275 2 892 0
1 205 0 893 2 967 1
0 106 2 685 3 539 2
0 706 2 438 2 579 3
2 528 2 667 2 892 2
0 784 2 194 2 390 0
0 710 1 763 0 843 0
1 735 2 899 1 444 2
1 375 1 146 0 72 1
2 316 3 43 0 102 1
0 844 1 318 2 158 1
0 354 1 795 1 936 2
0 732 0 625 0 490 3
1 914 1 698 2 44 1
1 498 3 477 3 360 3
2 519 1 324 1 518 3
0 806 2 196 3 958 1
0 448 0 771 2 529 1
1 926 3 627 0 246 0
2 606 3 73 1 888 1
0 759 1 16 1 91 0
0 49 1 511 2 682 2
0 563 0 509 1 19 0
1 617 0 737 3 899 2
0 140 0 755 3 781 0
0 872 0 625 1 778 0
1 812 3 688 3 227 1
2 598 1 483 3 981 0
1 232 3 195 0 591 3
1 724 3 88 0 115 1
0 245 1 345 1 324 1
0 903 2 650 1 323 1
0 656 1 211 0 736 2
0 679 1 236 3 784 0
1 252 1 573 1 943 2
1 267 3 340 3 589 2
2 912 3 445 0 532 0
2 269 2 773 0 124 2
0 260 2 703 0 428 0
0 371 2 917 2 201 1
0 790 3 538 2 778 3
1 310 3 135 3 405 0
2 881 2 232 2 309 3
0 737 0 368 0 110 1
0 312 2 964 2 845 2
2 623 1 187 2 828 2
1 98 0 445 1 396 2
0 802 0 57 3 708 2
0 739 1 513 3 247 0
1 629 3 901 1 75 3
1 778 2 100 0 203 2
2 951 0 203 1 652 1
2 361 3 424 0 384 1
2 631 1 846 0 825 3
1 900 2 681 2 413 2
2 968 0 263 3 540 3
0 192 0 280 1 55 0
2 440 2 974 3 959 0
1 784 3 822 1 658 3
0 71 1 678 3 373 1
1 913 0 334 2 192 2
1 248 3 721 0 313 3
2 272 3 147 1 139 1
1 797 1 513 0 166 3
2 540 1 921 1 597 3
1 142 1 275 2 892 0
1 205 0 893 2 967 1
0 106 2 685 3 539 2
0 706 2 438 2 579 3
2 528 2 667 2 892 2
0 784 2 194 2 390 0
0 710 1 763 0 843 0
1 735 2 899 1 444 2
1 375 1 146 0 72 1
2 316 3 43 0 102 1
0 844 1 318 2 158 1
0 354 1 795 1 936 2
0 732 0 625 0 490 3
1 914 1 698 2 44 1
1 498 3 477 3 360 3
2 519 1 324 1 518 3
0 806 2 196 3 958 1
0 448 0 771 2 529 1
1 926 3 627 0 246 0
2 606 3 73 1 888 1
0 759 1 16 1 91 0
0 49 1 511 2 682 2
0 563 0 509 1 19 0
1 617 0 737 3 899 2
0 140 0 755 3 781 0
0 872 0 625 1 778 0
1 812 3 688 3 227 1
2 598 1 483 3 981 0
1 232 3 195 0 591 3
1 724 3 88 0 115 1
0 245 1 345 1 324 1
0 903 2 650 1 323 1
0 656 1 211 0 736 2
0 679 1 236 3 784 0
1 252 1 573 1 943 2
1 267 3 340 3 589 2
2 912 3 445 0 532 0
2 269 2 773 0 124 2
0 260 2 703 0 428 0
0 371 2 917 2 201 1
0 790 3 538 2 778 3
1 310 3 135 3 405 0
2 881 2 232 2 309 3
0 737 0 368 0 110 1
0 312 2 964 2 845 2
2 623 1 187 2 828 2
0 35 1 881 3 132 1
0 657 3 589 0 982 1
2 872 3 214 3 971 0
1 101 1 68 0 582 1
1 98 0 445 1 396 2
0 802 0 57 3 708 2
0 739 1 513 3 247 0
1 629 3 901 1 75 3
1 778 2 100 0 203 2
2 951 0 203 1 652 1
2 361 3 424 0 384 1
2 631 1 846 0 825 3
1 900 2 681 2 413 2
2 968 0 263 3 540 3
0 192 0 280 1 55 0
2 440 2 974 3 959 0
1 784 3 822 1 658 3
0 71 1 678 3 373 1
1 913 0 334 2 192 2
1 248 3 721 0 313 3
2 272 3 147 1 139 1
1 797 1 513 0 166 3
2 540 1 921 1 597 3
1 142 1 275 2 892 0
1 205 0 893 2 967 1
0 106 2 685 3 539 2
0 706 2 438 2 579 3
2 528 2 667 2 892 2
0 784 2 194 2 390 0
0 710 1 763 0 843 0
1 735 2 899 1 444 2
1 375 1 146 0 72 1
2 316 3 43 0 102 1
0 844 1 318 2 158 1
0 354 1 795 1 936 2
0 732 0 625 0 490 3
1 914 1 698 2 44 1
1 498 3 477 3 360 3
2 519 1 324 1 518 3
0 806 2 196 3 958 1
0 448 0 771 2 529 1
1 926 3 627 0 246 0
2 606 3 73 1 888 1
0 759 1 16 1 91 0
0 49 1 511 2 682 2
0 563 0 509 1 19 0
1 617 0 737 3 899 2
0 140 0 755 3 781 0
0 872 0 625 1 778 0
1 812 3 688 3 227 1
2 598 1 483 3 981 0
1 232 3 195 0 591 3
1 724 3 88 0 115 1
0 245 1 345 1 324 1
0 903 2 650 1 323 1
0 656 1 211 0 736 2
0 679 1 236 3 784 0
1 252 1 573 1 943 2
1 267 3 340 3 589 2
2 912 3 445 0 532 0
2 269 2 773 0 124 2
0 260 2 703 0 428 0
0 371 2 917 2 201 1
0 790 3 538 2 778 3
1 310 3 135 3 405 0
2 881 2 232 2 309 3
0 737 0 368 0 110 1
0 312 2 964 2 845 2
2 623 1 187 2 828 2
0 723 0 470 0 588 2
0 951 2 405 0 796 3
1 98 0 445 1 396 2
0 802 0 57 3 708 2
0 739 1 513 3 247 0
1 629 3 901 1 75 3
1 778 2 100 0 203 2
2 951 0 203 1 652 1
2 361 3 424 0 384 1
2 631 1 846 0 825 3
1 900 2 681 2 413 2
2 968 0 263 3 540 3
0 192 0 280 1 55 0
2 440 2 974 3 959 0
1 784 3 822 1 658 3
0 71 1 678 3 373 1
1 913 0 334 2 192 2
1 248 3 721 0 313 3
2 272 3 147 1 139 1
1 797 1 513 0 166 3
2 540 1 921 1 597 3
1 142 1 275 2 892 0
1 205 0 893 2 967 1
0 106 2 685 3 539 2
0 706 2 438 2 579 3
2 528 2 667 2 892 2
0 784 2 194 2 390 0
0 710 1 763 0 843 0
1 735 2 899 1 444 2
1 375 1 146 0 72 1
2 316 3 43 0 102 1
0 844 1 318 2 158 1
0 354 1 795 1 936 2
0 732 0 625 0 490 3
1 914 1 698 2 44 1
1 498 3 477 3 360 3
2 519 1 324 1 518 3
0 806 2 196 3 958 1
0 448 0 771 2 529 1
1 926 3 627 0 246 0
2 606 3 73 1 888 1
0 759 1 16 1 91 0
0 49 1 511 2 682 2
0 563 0 509 1 19 0
1 617 0 737 3 899 2
0 140 0 755 3 781 0
0 872 0 625 1 778 0
1 812 3 688 3 227 1
2 598 1 483 3 981 0
1 232 3 195 0 591 3
1 724 3 88 0 115 1
0 245 1 345 1 324 1
0 903 2 650 1 323 1
0 656 1 211 0 736 2
0 679 1 236 3 784 0
1 252 1 573 1 943 2
1 267 3 340 3 589 2
2 912 3 445 0 532 0
2 269 2 773 0 124 2
0 260 2 703 0 428 0
0 371 2 917 2 201 1
0 790 3 538 2 778 3
1 310 3 135 3 405 0
2 881 2 232 2 309 3
0 737 0 368 0 110 1
0 312 2 964 2 845 2
2 623 1 187 2 828 2
0 452 3 990 0 120 3
2 436 0 717 1 874 3
1 98 0 445 1 396 2
0 802 0 57 3 708 2
0 739 1 513 3 247 0
1 629 3 901 1 75 3
1 778 2 100 0 203 2
2 951 0 203 1 652 1
2 361 3 424 0 384 1
2 631 1 846 0 825 3
1 900 2 681 2 413 2
2 968 0 263 3 540 3
0 192 0 280 1 55 0
2 440 2 974 3 959 0
1 784 3 822 1 658 3
0 71 1 678 3 373 1
1 913 0 334 2 192 2
1 248 3 721 0 313 3
2 272 3 147 1 139 1
1 797 1 513 0 166 3
2 540 1 921 1 597 3
1 142 1 275 2 892 0
1 205 0 893 2 967 1
0 106 2 685 3 539 2
0 706 2 438 2 579 3
2 528 2 667 2 892 2
0 784 2 194 2 390 0
0 710 1 763 0 843 0
1 735 2 899 1 444 2
1 375 1 146 0 72 1
2 316 3 43 0 102 1
0 844 1 318 2 158 1
0 354 1 795 1 936 2
0 732 0 625 0 490 3
1 914 1 698 2 44 1
1 498 3 477 3 360 3
2 519 1 324 1 518 3
0 806 2 196 3 958 1
0 448 0 771 2 529 1
1 926 3 627 0 246 0
2 606 3 73 1 888 1
0 759 1 16 1 91 0
0 49 1 511 2 682 2
0 563 0 509 1 19 0
1 617 0 737 3 899 2
0 140 0 755 3 781 0
0 872 0 625 1 778 0
1 812 3 688 3 227 1
2 598 1 483 3 981 0
1 232 3 195 0 591 3
1 724 3 88 0 115 1
0 245 1 345 1 324 1
0 903 2 650 1 323 1
0 656 1 211 0 736 2
0 679 1 236 3 784 0
1 252 1 573 1 943 2
1 267 3 340 3 589 2
2 912 3 445 0 532 0
2 269 2 773 0 124 2
0 260 2 703 0 428 0
0 371 2 917 2 201 1
0 790 3 538 2 778 3
1 310 3 135 3 405 0
2 881 2 232 2 309 3
0 737 0 368 0 110 1
0 312 2 964 2 845 2
2 623 1 187 2 828 2
1 98 0 445 1 396 2
0 802 0 57 3 708 2
0 739 1 513 3 247 0
1 629 3 901 1 75 3
1 778 2 100 0 203 2
2 951 0 203 1 652 1
2 361 3 424 0 384 1
2 631 1 846 0 825 3
1 900 2 681 2 413 2
2 968 0 263 3 540 3
0 192 0 280 1 55 0
2 440 2 974 3 959 0
1 784 3 822 1 658 3
0 71 1 678 3 373 1
1 913 0 334 2 192 2
1 248 3 721 0 313 3
2 272 3 147 1 139 1
1 797 1 513 0 166 3
2 540 1 921 1 597 3
1 142 1 275 2 892 0
1 205 0 893 2 967 1
0 106 2 685 3 539 2
0 706 2 438 2 579 3
2 528 2 667 2 892 2
0 784 2 194 2 390 0
0 710 1 763 0 843 0
1 735 2 899 1 444 2
1 375 1 146 0 72 1
2 316 3 43 0 102 1
0 844 1 318 2 158 1
0 354 1 795 1 936 2
0 732 0 625 0 490 3
1 914 1 698 2 44 1
1 498 3 477 3 360 3
2 519 1 324 1 518 3
0 806 2 196 3 958 1
0 448 0 771 2 529 1
1 926 3 627 0 246 0
2 606 3 73 1 888 1
0 759 1 16 1 91 0
0 49 1 511 2 682 2
0 563 0 509 1 19 0
1 617 0 737 3 899 2
0 140 0 755 3 781 0
0 872 0 625 1 778 0
1 812 3 688 3 227 1
2 598 1 483 3 981 0
1 232 3 195 0 591 3
1 724 3 88 0 115 1
0 245 1 345 1 324 1
0 903 2 650 1 323 1
0 656 1 211 0 736 2
0 679 1 236 3 784 0
1 252 1 573 1 943 2
1 267 3 340 3 589 2
2 912 3 445 0 532 0
2 269 2 773 0 124 2
0 260 2 703 0 428 0
0 371 2 917 2 201 1
0 790 3 538 2 778 3
1 310 3 135 3 405 0
2 881 2 232 2 309 3
0 737 0 368 0 110 1
0 312 2 964 2 845 2
2 623 1 187 2 828 2
2 531 3 626 2 190 0
1 120 3 512 3 653 0
1 653 2 438 3 574 2
1 98 0 445 1 396 2
0 802 0 57 3 708 2
0 739 1 513 3 247 0
1 629 3 901 1 75 3
1 778 2 100 0 203 2
2 951 0 203 1 652 1
2 361 3 424 0 384 1
2 631 1 846 0 825 3
1 900 2 681 2 413 2
2 968 0 263 3 540 3
0 192 0 280 1 55 0
2 440 2 974 3 959 0
1 784 3 822 1 658 3
0 71 1 678 3 373 1
1 913 0 334 2 192 2
1 248 3 721 0 313 3
2 272 3 147 1 139 1
1 797 1 513 0 166 3
2 540 1 921 1 597 3
1 142 1 275 2 892 0
1 205 0 893 2 967 1
0 106 2 685 3 539 2
0 706 2 438 2 579 3
2 528 2 667 2 892 2
0 784 2 194 2 390 0
0 710 1 763 0 843 0
1 735 2 899 1 444 2
1 375 1 146 0 72 1
2 316 3 43 0 102 1
0 844 1 318 2 158 1
0 354 1 795 1 936 2
0 732 0 625 0 490 3
1 914 1 698 2 44 1
1 498 3 477 3 360 3
2 519 1 324 1 518 3
0 806 2 196 3 958 1
0 448 0 771 2 529 1
1 926 3 627 0 246 0
2 606 3 73 1 888 1
0 759 1 16 1 91 0
0 49 1 511 2 682 2
0 563 0 509 1 19 0
1 617 0 737 3 899 2
0 140 0 755 3 781 0
0 872 0 625 1 778 0
1 812 3 688 3 227 1
2 598 1 483 3 981 0
1 232 3 195 0 591 3
1 724 3 88 0 115 1
0 245 1 345 1 324 1
0 903 2 650 1 323 1
0 656 1 211 0 736 2
0 679 1 236 3 784 0
1 252 1 573 1 943 2
1 267 3 340 3 589 2
2 912 3 445 0 532 0
2 269 2 773 0 124 2
0 260 2 703 0 428 0
0 371 2 917 2 201 1
0 790 3 538 2 778 3
1 310 3 135 3 405 0
2 881 2 232 2 309 3
0 737 0 368 0 110 1
0 312 2 964 2 845 2
2 623 1 187 2 828 2
2 753 2 504 0 575 1
2 791 1 357 3 597 0
1 98 0 445 1 396 2
0 802 0 57 3 708 2
0 739 1 513 3 247 0
1 629 3 901 1 75 3
1 778 2 100 0 203 2
2 951 0 203 1 652 1
2 361 3 424 0 384 1
2 631 1 846 0 825 3
1 900 2 681 2 413 2
2 968 0 263 3 540 3
0 192 0 280 1 55 0
2 440 2 974 3 959 0
1 784 3 822 1 658 3
0 71 1 678 3 373 1
1 913 0 334 2 192 2
1 248 3 721 0 313 3
2 272 3 147 1 139 1
1 797 1 513 0 166 3
2 540 1 921 1 597 3
1 142 1 275 2 892 0
1 205 0 893 2 967 1
0 106 2 685 3 539 2
0 706 2 438 2 579 3
2 528 2 667 2 892 2
0 784 2 194 2 390 0
0 710 1 763 0 843 0
1 735 2 899 1 444 2
1 375 1 146 0 72 1
2 316 3 43 0 102 1
0 844 1 318 2 158 1
0 354 1 795 1 936 2
0 732 0 625 0 490 3
1 914 1 698 2 44 1
1 498 3 477 3 360 3
2 519 1 324 1 518 3
0 806 2 196 3 958 1
0 448 0 771 2 529 1
1 926 3 627 0 246 0
2 606 3 73 1 888 1
0 759 1 16 1 91 0
0 49 1 511 2 682 2
0 563 0 509 1 19 0
1 617 0 737 3 899 2
0 140 0 755 3 781 0
0 872 0 625 1 778 0
1 812 3 688 3 227 1
2 598 1 483 3 981 0
1 232 3 195 0 591 3
1 724 3 88 0 115 1
0 245 1 345 1 324 1
0 903 2 650 1 323 1
0 656 1 211 0 736 2
0 679 1 236 3 784 0
1 252 1 573 1 943 2
1 267 3 340 3 589 2
2 912 3 445 0 532 0
2 269 2 773 0 124 2
0 260 2 703 0 428 0
0 371 2 917 2 201 1
0 790 3 538 2 778 3
1 310 3 135 3 405 0
2 881 2 232 2 309 3
0 737 0 368 0 110 1
0 312 2 964 2 845 2
2 623 1 187 2 828 2
0 794 2 628 1 321 1
1 98 0 445 1 396 2
0 802 0 57 3 708 2
0 739 1 513 3 247 0
1 629 3 901 1 75 3
1 778 2 100 0 203 2
2 951 0 203 1 652 1
2 361 3 424 0 384 1
2 631 1 846 0 825 3
1 900 2 681 2 413 2
2 968 0 263 3 540 3
0 192 0 280 1 55 0
2 440 2 974 3 959 0
1 784 3 822 1 658 3
0 71 1 678 3 373 1
1 913 0 334 2 192 2
1 248 3 721 0 313 3
2 272 3 147 1 139 1
1 797 1 513 0 166 3
2 540 1 921 1 597 3
1 142 1 275 2 892 0
1 205 0 893 2 967 1
0 106 2 685 3 539 2
0 706 2 438 2 579 3
2 528 2 667 2 892 2
0 784 2 194 2 390 0
0 710 1 763 0 843 0
1 735 2 899 1 444 2
1 375 1 146 0 72 1
2 316 3 43 0 102 1
0 844 1 318 2 158 1
0 354 1 795 1 936 2
0 732 0 625 0 490 3
1 914 1 698 2 44 1
1 498 3 477 3 360 3
2 519 1 324 1 518 3
0 806 2 196 3 958 1
0 448 0 771 2 529 1
1 926 3 627 0 246 0
2 606 3 73 1 888 1
0 759 1 16 1 91 0
0 49 1 511 2 682 2
0 563 0 509 1 19 0
1 617 0 737 3 899 2
0 140 0 755 3 781 0
0 872 0 625 1 778 0
1 812 3 688 3 227 1
2 598 1 483 3 981 0
1 232 3 195 0 591 3
1 724 3 88 0 115 1
0 245 1 345 1 324 1
0 903 2 650 1 323 1
0 656 1 211 0 736 2
0 679 1 236 3 784 0
1 252 1 573 1 943 2
1 267 3 340 3 589 2
2 912 3 445 0 532 0
2 269 2 773 0 124 2
0 260 2 703 0 428 0
0 371 2 917 2 201 1
0 790 3 538 2 778 3
1 310 3 135 3 405 0
2 881 2 232 2 309 3
0 737 0 368 0 110 1
0 312 2 964 2 845 2
2 623 1 187 2 828 2
0 670 2 136 1 138 1
1 98 0 445 1 396 2
0 802 0 57 3 708 2
0 739 1 513 3 247 0
1 629 3 901 1 75 3
1 778 2 100 0 203 2
2 951 0 203 1 652 1
2 361 3 424 0 384 1
2 631 1 846 0 825 3
1 900 2 681 2 413 2
2 968 0 263 3 540 3
0 192 0 280 1 55 0
2 440 2 974 3 959 0
1 784 3 822 1 658 3
0 71 1 678 3 373 1
1 913 0 334 2 192 2
1 248 3 721 0 313 3
2 272 3 147 1 139 1
1 797 1 513 0 166 3
2 540 1 921 1 597 3
1 142 1 275 2 892 0
1 205 0 893 2 967 1
0 106 2 685 3 539 2
0 706 2 438 2 579 3
2 528 2 667 2 892 2
0 784 2 194 2 390 0
0 710 1 763 0 843 0
1 735 2 899 1 444 2
1 375 1 146 0 72 1
2 316 3 43 0 102 1
0 844 1 318 2 158 1
0 354 1 795 1 936 2
0 732 0 625 0 490 3
1 914 1 698 2 44 1
1 498 3 477 3 360 3
2 519 1 324 1 518 3
0 806 2 196 3 958 1
0 448 0 771 2 529 1
1 926 3 627 0 246 0
2 606 3 73 1 888 1
0 759 1 16 1 91 0
0 49 1 511 2 682 2
0 563 0 509 1 19 0
1 617 0 737 3 899 2
0 140 0 755 3 781 0
0 872 0 625 1 778 0
1 812 3 688 3 227 1
2 598 1 483 3 981 0
1 232 3 195 0 591 3
1 724 3 88 0 115 1
0 245 1 345 1 324 1
0 903 2 650 1 323 1
0 656 1 211 0 736 2
0 679 1 236 3 784 0
1 252 1 573 1 943 2
1 267 3 340 3 589 2
2 912 3 445 0 532 0
2 269 2 773 0 124 2
0 260 2 703 0 428 0
0 371 2 917 2 201 1
0 790 3 538 2 778 3
1 310 3 135 3 405 0
2 881 2 232 2 309 3
0 737 0 368 0 110 1
0 312 2 964 2 845 2
2 623 1 187 2 828 2
1 98 0 445 1 396 2
0 802 0 57 3 708 2
0 739 1 513 3 247 0
1 629 3 901 1 75 3
1 778 2 100 0 203 2
2 951 0 203 1 652 1
2 361 3 424 0 384 1
2 631 1 846 0 825 3
1 900 2 681 2 413 2
2 968 0 263 3 540 3
0 192 0 280 1 55 0
2 440 2 974 3 959 0
1 784 3 822 1 658 3
0 71 1 678 3 373 1
1 913 0 334 2 192 2
1 248 3 721 0 313 3
2 272 3 147 1 139 1
1 797 1 513 0 166 3
2 540 1 921 1 597 3
1 142 1 275 2 892 0
1 205 0 893 2 967 1
0 106 2 685 3 539 2
0 706 2 438 2 579 3
2 528 2 667 2 892 2
0 784 2 194 2 390 0
0 710 1 763 0 843 0
1 735 2 899 1 444 2
1 375 1 146 0 72 1
2 316 3 43 0 102 1
0 844 1 318 2 158 1
0 354 1 795 1 936 2
0 732 0 625 0 490 3
1 914 1 698 2 44 1
1 498 3 477 3 360 3
2 519 1 324 1 518 3
0 806 2 196 3 958 1
0 448 0 771 2 529 1
1 926 3 627 0 246 0
2 606 3 73 1 888 1
0 759 1 16 1 91 0
0 49 1 511 2 682 2
0 563 0 509 1 19 0
1 617 0 737 3 899 2
0 140 0 755 3 781 0
0 872 0 625 1 778 0
1 812 3 688 3 227 1
2 598 1 483 3 981 0
1 232 3 195 0 591 3
1 724 3 88 0 115 1
0 245 1 345 1 324 1
0 903 2 650 1 323 1
0 656 1 211 0 736 2
0 679 1 236 3 784 0
1 252 1 573 1 943 2
1 267 3 340 3 589 2
2 912 3 445 0 532 0
2 269 2 773 0 124 2
0 260 2 703 0 428 0
0 371 2 917 2 201 1
0 790 3 538 2 778 3
1 310 3 135 3 405 0
2 881 2 232 2 309 3
0 737 0 368 0 110 1
0 312 2 964 2 845 2
2 623 1 187 2 828 2
1 98 0 445 1 396 2
0 802 0 57 3 708 2
0 739 1 513 3 247 0
1 629 3 901 1 75 3
1 778 2 100 0 203 2
2 951 0 203 1 652 1
2 361 3 424 0 384 1
2 631 1 846 0 825 3
1 900 2 681 2 413 2
2 968 0 263 3 540 3
0 192 0 280 1 55 0
2 440 2 974 3 959 0
1 784 3 822 1 658 3
0 71 1 678 3 373 1
1 913 0 334 2 192 2
1 248 3 721 0 313 3
2 272 3 147 1 139 1
1 797 1 513 0 166 3
2 540 1 921 1 597 3
1 142 1 275 2 892 0
1 205 0 893 2 967 1
0 106 2 685 3 539 2
0 706 2 438 2 579 3
2 528 2 667 2 892 2
0 784 2 194 2 390 0
0 710 1 763 0 843 0
1 735 2 899 1 444 2
1 375 1 146 0 72 1
2 316 3 43 0 102 1
0 844 1 318 2 158 1
0 354 1 795 1 936 2
0 732 0 625 0 490 3
1 914 1 698 2 44 1
1 498 3 477 3 360 3
2 519 1 324 1 518 3
0 806 2 196 3 958 1
0 448 0 771 2 529 1
1 926 3 627 0 246 0
2 606 3 73 1 888 1
0 759 1 16 1 91 0
0 49 1 511 2 682 2
0 563 0 509 1 19 0
1 617 0 737 3 899 2
0 140 0 755 3 781 0
0 872 0 625 1 778 0
1 812 3 688 3 227 1
2 598 1 483 3 981 0
1 232 3 195 0 591 3
1 724 3 88 0 115 1
0 245 1 345 1 324 1
0 903 2 650 1 323 1
0 656 1 211 0 736 2
0 679 1 236 3 784 0
1 252 1 573 1 943 2
1 267 3 340 3 589 2
2 912 3 445 0 532 0
2 269 2 773 0 124 2
0 260 2 703 0 428 0
0 371 2 917 2 201 1
0 790 3 538 2 778 3
1 310 3 135 3 405 0
2 881 2 232 2 309 3
0 737 0 368 0 110 1
0 312 2 964 2 845 2
2 623 1 187 2 828 2
1 98 0 445 1 396 2
0 802 0 57 3 708 2
0 739 1 513 3 247 0
1 629 3 901 1 75 3
1 778 2 100 0 203 2
2 951 0 203 1 652 1
2 361 3 424 0 384 1
2 631 1 846 0 825 3
1 900 2 681 2 413 2
2 968 0 263 3 540 3
0 192 0 280 1 55 0
2 440 2 974 3 959 0
1 784 3 822 1 658 3
0 71 1 678 3 373 1
1 913 0 334 2 192 2
1 248 3 721 0 313 3
2 272 3 147 1 139 1
1 797 1 513 0 166 3
2 540 1 921 1 597 3
1 142 1 275 2 892 0
1 205 0 893 2 967 1
0 106 2 685 3 539 2
0 706 2 438 2 579 3
2 528 2 667 2 892 2
0 784 2 194 2 390 0
0 710 1 763 0 843 0
1 735 2 899 1 444 2
1 375 1 146 0 72 1
2 316 3 43 0 102 1
0 844 1 318 2 158 1
0 354 1 795 1 936 2
0 732 0 625 0 490 3
1 914 1 698 2 44 1
1 498 3 477 3 360 3
2 519 1 324 1 518 3
0 806 2 196 3 958 1
0 448 0 771 2 529 1
1 926 3 627 0 246 0
2 606 3 73 1 888 1
0 759 1 16 1 91 0
0 49 1 511 2 682 2
0 563 0 509 1 19 0
1 617 0 737 3 899 2
0 140 0 755 3 781 0
0 872 0 625 1 778 0
1 812 3 688 3 227 1
2 598 1 483 3 981 0
1 232 3 195 0 591 3
1 724 3 88 0 115 1
0 245 1 345 1 324 1
0 903 2 650 1 323 1
0 656 1 211 0 736 2
0 679 1 236 3 784 0
1 252 1 573 1 943 2
1 267 3 340 3 589 2
2 912 3 445 0 532 0
2 269 2 773 0 124 2
0 260 2 703 0 428 0
0 371 2 917 2 201 1
0 790 3 538 2 778 3
1 310 3 135 3 405 0
2 881 2 232 2 309 3
0 737 0 368 0 110 1
0 312 2 964 2 845 2
2 623 1 187 2 828 2
1 98 0 445 1 396 2
0 802 0 57 3 708 2
0 739 1 513 3 247 0
1 629 3 901 1 75 3
1 778 2 100 0 203 2
2 951 0 203 1 652 1
2 361 3 424 0 384 1
2 631 1 846 0 825 3
1 900 2 681 2 413 2
2 968 0 263 3 540 3
0 192 0 280 1 55 0
2 440 2 974 3 959 0
1 784 3 822 1 658 3
0 71 1 678 3 373 1
1 913 0 334 2 192 2
1 248 3 721 0 313 3
2 272 3 147 1 139 1
1 797 1 513 0 166 3
2 540 1 921 1 597 3
1 142 1 275 2 892 0
1 205 0 893 2 967 1
0 106 2 685 3 539 2
0 706 2 438 2 579 3
2 528 2 667 2 892 2
0 784 2 194 2 390 0
0 710 1 763 0 843 0
1 735 2 899 1 444 2
1 375 1 146 0 72 1
2 316 3 43 0 102 1
0 844 1 318 2 158 1
0 354 1 795 1 936 2
0 732 0 625 0 490 3
1 914 1 698 2 44 1
1 498 3 477 3 360 3
2 519 1 324 1 518 3
0 806 2 196 3 958 1
0 448 0 771 2 529 1
1 926 3 627 0 246 0
2 606 3 73 1 888 1
0 759 1 16 1 91 0
0 49 1 511 2 682 2
0 563 0 509 1 19 0
1 617 0 737 3 899 2
0 140 0 755 3 781 0
0 872 0 625 1 778 0
1 812 3 688 3 227 1
2 598 1 483 3 981 0
1 232 3 195 0 591 3
1 724 3 88 0 115 1
0 245 1 345 1 324 1
0 903 2 650 1 323 1
0 656 1 211 0 736 2
0 679 1 236 3 784 0
1 252 1 573 1 943 2
1 267 3 340 3 589 2
2 912 3 445 0 532 0
2 269 2 773 0 124 2
0 260 2 703 0 428 0
0 371 2 917 2 201 1
0 790 3 538 2 778 3
1 310 3 135 3 405 0
2 881 2 232 2 309 3
0 737 0 368 0 110 1
0 312 2 964 2 845 2
2 623 1 187 2 828 2
0 950 2 815 1 703 3
0 927 3 54 3 564 3
0 135 1 329 1 933 3
1 98 0 445 1 396 2
0 802 0 57 3 708 2
0 739 1 513 3 247 0
1 629 3 901 1 75 3
1 778 2 100 0 203 2
2 951 0 203 1 652 1
2 361 3 424 0 384 1
2 631 1 846 0 825 3
1 900 2 681 2 413 2
2 968 0 263 3 540 3
0 192 0 280 1 55 0
2 440 2 974 3 959 0
1 784 3 822 1 658 3
0 71 1 678 3 373 1
1 913 0 334 2 192 2
1 248 3 721 0 313 3
2 272 3 147 1 139 1
1 797 1 513 0 166 3
2 540 1 921 1 597 3
1 142 1 275 2 892 0
1 205 0 893 2 967 1
0 106 2 685 3 539 2
0 706 2 438 2 579 3
2 528 2 667 2 892 2
0 784 2 194 2 390 0
0 710 1 763 0 843 0
1 735 2 899 1 444 2
1 375 1 146 0 72 1
2 316 3 43 0 102 1
0 844 1 318 2 158 1
0 354 1 795 1 936 2
0 732 0 625 0 490 3
1 914 1 698 2 44 1
1 498 3 477 3 360 3
2 519 1 324 1 518 3
0 806 2 196 3 958 1
0 448 0 771 2 529 1
1 926 3 627 0 246 0
2 606 3 73 1 888 1
0 759 1 16 1 91 0
0 49 1 511 2 682 2
0 563 0 509 1 19 0
1 617 0 737 3 899 2
0 140 0 755 3 781 0
0 872 0 625 1 778 0
1 812 3 688 3 227 1
2 598 1 483 3 981 0
1 232 3 195 0 591 3
1 724 3 88 0 115 1
0 245 1 345 1 324 1
0 903 2 650 1 323 1
0 656 1 211 0 736 2
0 679 1 236 3 784 0
1 252 1 573 1 943 2
1 267 3 340 3 589 2
2 912 3 445 0 532 0
2 269 2 773 0 124 2
0 260 2 703 0 428 0
0 371 2 917 2 201 1
0 790 3 538 2 778 3
1 310 3 135 3 405 0
2 881 2 232 2 309 3
0 737 0 368 0 110 1
0 312 2 964 2 845 2
2 623 1 187 2 828 2
0 605 0 946 1 333 0
2 867 1 142 2 193 3
1 98 0 445 1 396 2
0 802 0 57 3 708 2
0 739 1 513 3 247 0
1 629 3 901 1 75 3
1 778 2 100 0 203 2
2 951 0 203 1 652 1
2 361 3 424 0 384 1
2 631 1 846 0 825 3
1 900 2 681 2 413 2
2 968 0 263 3 540 3
0 192 0 280 1 55 0
2 440 2 974 3 959 0
1 784 3 822 1 658 3
0 71 1 678 3 373 1
1 913 0 334 2 192 2
1 248 3 721 0 313 3
2 272 3 147 1 139 1
1 797 1 513 0 166 3
2 540 1 921 1 597 3
1 142 1 275 2 892 0
1 205 0 893 2 967 1
0 106 2 685 3 539 2
0 706 2 438 2 579 3
2 528 2 667 2 892 2
0 784 2 194 2 390 0
0 710 1 763 0 843 0
1 735 2 899 1 444 2
1 375 1 146 0 72 1
2 316 3 43 0 102 1
0 844 1 318 2 158 1
0 354 1 795 1 936 2
0 732 0 625 0 490 3
1 914 1 698 2 44 1
1 498 3 477 3 360 3
2 519 1 324 1 518 3
0 806 2 196 3 958 1
0 448 0 771 2 529 1
1 926 3 627 0 246 0
2 606 3 73 1 888 1
0 759 1 16 1 91 0
0 49 1 511 2 682 2
0 563 0 509 1 19 0
1 617 0 737 3 899 2
0 140 0 755 3 781 0
0 872 0 625 1 778 0
1 812 3 688 3 227 1
2 598 1 483 3 981 0
1 232 3 195 0 591 3
1 724 3 88 0 115 1
0 245 1 345 1 324 1
0 903 2 650 1 323 1
0 656 1 211 0 736 2
0 679 1 236 3 784 0
1 252 1 573 1 943 2
1 267 3 340 3 589 2
2 912 3 445 0 532 0
2 269 2 773 0 124 2
0 260 2 703 0 428 0
0 371 2 917 2 201 1
0 790 3 538 2 778 3
1 310 3 135 3 405 0
2 881 2 232 2 309 3
0 737 0 368 0 110 1
0 312 2 964 2 845 2
2 623 1 187 2 828 2
1 98 0 445 1 396 2
0 802 0 57 3 708 2
0 739 1 513 3 247 0
1 629 3 901 1 75 3
1 778 2 100 0 203 2
2 951 0 203 1 652 1
2 361 3 424 0 384 1
2 631 1 846 0 825 3
1 900 2 681 2 413 2
2 968 0 263 3 540 3
0 192 0 280 1 55 0
2 440 2 974 3 959 0
1 784 3 822 1 658 3
0 71 1 678 3 373 1
1 913 0 334 2 192 2
1 248 3 721 0 313 3
2 272 3 147 1 139 1
1 797 1 513 0 166 3
2 540 1 921 1 597 3
1 142 1 275 2 892 0
1 205 0 893 2 967 1
0 106 2 685 3 539 2
0 706 2 438 2 579 3
2 528 2 667 2 892 2
0 784 2 194 2 390 0
0 710 1 763 0 843 0
1 735 2 899 1 444 2
1 375 1 146 0 72 1
2 316 3 43 0 102 1
0 844 1 318 2 158 1
0 354 1 795 1 936 2
0 732 0 625 0 490 3
1 914 1 698 2 44 1
1 498 3 477 3 360 3
2 519 1 324 1 518 3
0 806 2 196 3 958 1
0 448 0 771 2 529 1
1 926 3 627 0 246 0
2 606 3 73 1 888 1
0 759 1 16 1 91 0
0 49 1 511 2 682 2
0 563 0 509 1 19 0
1 617 0 737 3 899 2
0 140 0 755 3 781 0
0 872 0 625 1 778 0
1 812 3 688 3 227 1
2 598 1 483 3 981 0
1 232 3 195 0 591 3
1 724 3 88 0 115 1
0 245 1 345 1 324 1
0 903 2 650 1 323 1
0 656 1 211 0 736 2
0 679 1 236 3 784 0
1 252 1 573 1 943 2
1 267 3 340 3 589 2
2 912 3 445 0 532 0
2 269 2 773 0 124 2
0 260 2 703 0 428 0
0 371 2 917 2 201 1
0 790 3 538 2 778 3
1 310 3 135 3 405 0
2 881 2 232 2 309 3
0 737 0 368 0 110 1
0 312 2 964 2 845 2
2 623 1 187 2 828 2
1 98 0 445 1 396 2
0 802 0 57 3 708 2
0 739 1 513 3 247 0
1 629 3 901 1 75 3
1 778 2 100 0 203 2
2 951 0 203 1 652 1
2 361 3 424 0 384 1
2 631 1 846 0 825 3
1 900 2 681 2 413 2
2 968 0 263 3 540 3
0 192 0 280 1 55 0
2 440 2 974 3 959 0
1 784 3 822 1 658 3
0 71 1 678 3 373 1
1 913 0 334 2 192 2
1 248 3 721 0 313 3
2 272 3 147 1 139 1
1 797 1 513 0 166 3
2 540 1 921 1 597 3
1 142 1 275 2 892 0
1 205 0 893 2 967 1
0 106 2 685 3 539 2
0 706 2 438 2 579 3
2 528 2 667 2 892 2
0 784 2 194 2 390 0
0 710 1 763 0 843 0
1 735 2 899 1 444 2
1 375 1 146 0 72 1
2 316 3 43 0 102 1
0 844 1 318 2 158 1
0 354 1 795 1 936 2
0 732 0 625 0 490 3
1 914 1 698 2 44 1
1 498 3 477 3 360 3
2 519 1 324 1 518 3
0 806 2 196 3 958 1
0 448 0 771 2 529 1
1 926 3 627 0 246 0
2 606 3 73 1 888 1
0 759 1 16 1 91 0
0 49 1 511 2 682 2
0 563 0 509 1 19 0
1 617 0 737 3 899 2
0 140 0 755 3 781 0
0 872 0 625 1 778 0
1 812 3 688 3 227 1
2 598 1 483 3 981 0
1 232 3 195 0 591 3
1 724 3 88 0 115 1
0 245 1 345 1 324 1
0 903 2 650 1 323 1
0 656 1 211 0 736 2
0 679 1 236 3 784 0
1 252 1 573 1 943 2
1 267 3 340 3 589 2
2 912 3 445 0 532 0
2 269 2 773 0 124 2
0 260 2 703 0 428 0
0 371 2 917 2 201 1
0 790 3 538 2 778 3
1 310 3 135 3 405 0
2 881 2 232 2 309 3
0 737 0 368 0 110 1
0 312 2 964 2 845 2
2 623 1 187 2 828 2
1 98 0 445 1 396 2
0 802 0 57 3 708 2
0 739 1 513 3 247 0
1 629 3 901 1 75 3
1 778 2 100 0 203 2
2 951 0 203 1 652 1
2 361 3 424 0 384 1
2 631 1 846 0 825 3
1 900 2 681 2 413 2
2 968 0 263 3 540 3
0 192 0 280 1 55 0
2 440 2 974 3 959 0
1 784 3 822 1 658 3
0 71 1 678 3 373 1
1 913 0 334 2 192 2
1 248 3 721 0 313 3
2 272 3 147 1 139 1
1 797 1 513 0 166 3
2 540 1 921 1 597 3
1 142 1 275 2 892 0
1 205 0 893 2 967 1
0 106 2 685 3 539 2
0 706 2 438 2 579 3
2 528 2 667 2 892 2
0 784 2 194 2 390 0
0 710 1 763 0 843 0
1 735 2 899 1 444 2
1 375 1 146 0 72 1
2 316 3 43 0 102 1
0 844 1 318 2 158 1
0 354 1 795 1 936 2
0 732 0 625 0 490 3
1 914 1 698 2 44 1
1 498 3 477 3 360 3
2 519 1 324 1 518 3
0 806 2 196 3 958 1
0 448 0 771 2 529 1
1 926 3 627 0 246 0
2 606 3 73 1 888 1
0 759 1 16 1 91 0
0 49 1 511 2 682 2
0 563 0 509 1 19 0
1 617 0 737 3 899 2
0 140 0 755 3 781 0
0 872 0 625 1 778 0
1 812 3 688 3 227 1
2 598 1 483 3 981 0
1 232 3 195 0 591 3
1 724 3 88 0 115 1
0 245 1 345 1 324 1
0 903 2 650 1 323 1
0 656 1 211 0 736 2
0 679 1 236 3 784 0
1 252 1 573 1 943 2
1 267 3 340 3 589 2
2 912 3 445 0 532 0
2 269 2 773 0 124 2
0 260 2 703 0 428 0
0 371 2 917 2 201 1
0 790 3 538 2 778 3
1 310 3 135 3 405 0
2 881 2 232 2 309 3
0 737 0 368 0 110 1
0 312 2 964 2 845 2
2 623 1 187 2 828 2
1 98 0 445 1 396 2
0 802 0 57 3 708 2
0 739 1 513 3 247 0
1 629 3 901 1 75 3
1 778 2 100 0 203 2
2 951 0 203 1 652 1
2 361 3 424 0 384 1
2 631 1 846 0 825 3
1 900 2 681 2 413 2
2 968 0 263 3 540 3
0 192 0 280 1 55 0
2 440 2 974 3 959 0
1 784 3 822 1 658 3
0 71 1 678 3 373 1
1 913 0 334 2 192 2
1 248 3 721 0 313 3
2 272 3 147 1 139 1
1 797 1 513 0 166 3
2 540 1 921 1 597 3
1 142 1 275 2 892 0
1 205 0 893 2 967 1
0 106 2 685 3 539 2
0 706 2 438 2 579 3
2 528 2 667 2 892 2
0 784 2 194 2 390 0
0 710 1 763 0 843 0
1 735 2 899 1 444 2
1 375 1 146 0 72 1
2 316 3 43 0 102 1
0 844 1 318 2 158 1
0 354 1 795 1 936 2
0 732 0 625 0 490 3
1 914 1 698 2 44 1
1 498 3 477 3 360 3
2 519 1 324 1 518 3
0 806 2 196 3 958 1
0 448 0 771 2 529 1
1 926 3 627 0 246 0
2 606 3 73 1 888 1
0 759 1 16 1 91 0
0 49 1 511 2 682 2
0 563 0 509 1 19 0
1 617 0 737 3 899 2
0 140 0 755 3 781 0
0 872 0 625 1 778 0
1 812 3 688 3 227 1
2 598 1 483 3 981 0
1 232 3 195 0 591 3
1 724 3 88 0 115 1
0 245 1 345 1 324 1
0 903 2 650 1 323 1
0 656 1 211 0 736 2
0 679 1 236 3 784 0
1 252 1 573 1 943 2
1 267 3 340 3 589 2
2 912 3 445 0 532 0
2 269 2 773 0 124 2
0 260 2 703 0 428 0
0 371 2 917 2 201 1
0 790 3 538 2 778 3
1 310 3 135 3 405 0
2 881 2 232 2 309 3
0 737 0 368 0 110 1
0 312 2 964 2 845 2
2 623 1 187 2 828 2
1 98 0 445 1 396 2
0 802 0 57 3 708 2
0 739 1 513 3 247 0
1 629 3 901 1 75 3
1 778 2 100 0 203 2
2 951 0 203 1 652 1
2 361 3 424 0 384 1
2 631 1 846 0 825 3
1 900 2 681 2 413 2
2 968 0 263 3 540 3
0 192 0 280 1 55 0
2 440 2 974 3 959 0
1 784 3 822 1 658 3
0 71 1 678 3 373 1
1 913 0 334 2 192 2
1 248 3 721 0 313 3
2 272 3 147 1 139 1
1 797 1 513 0 166 3
2 540 1 921 1 597 3
1 142 1 275 2 892 0
1 205 0 893 2 967 1
0 106 2 685 3 539 2
0 706 2 438 2 579 3
2 528 2 667 2 892 2
0 784 2 194 2 390 0
0 710 1 763 0 843 0
1 735 2 899 1 444 2
1 375 1 146 0 72 1
2 316 3 43 0 102 1
0 844 1 318 2 158 1
0 354 1 795 1 936 2
0 732 0 625 0 490 3
1 914 1 698 2 44 1
1 498 3 477 3 360 3
2 519 1 324 1 518 3
0 806 2 196 3 958 1
0 448 0 771 2 529 1
1 926 3 627 0 246 0
2 606 3 73 1 888 1
0 759 1 16 1 91 0
0 49 1 511 2 682 2
0 563 0 509 1 19 0
1 617 0 737 3 899 2
0 140 0 755 3 781 0
0 872 0 625 1 778 0
1 812 3 688 3 227 1
2 598 1 483 3 981 0
1 232 3 195 0 591 3
1 724 3 88 0 115 1
0 245 1 345 1 324 1
0 903 2 650 1 323 1
0 656 1 211 0 736 2
0 679 1 236 3 784 0
1 252 1 573 1 943 2
1 267 3 340 3 589 2
2 912 3 445 0 532 0
2 269 2 773 0 124 2
0 260 2 703 0 428 0
0 371 2 917 2 201 1
0 790 3 538 2 778 3
1 310 3 135 3 405 0
2 881 2 232 2 309 3
0 737 0 368 0 110 1
0 312 2 964 2 845 2
2 623 1 187 2 828 2
1 98 0 445 1 396 2
0 802 0 57 3 708 2
0 739 1 513 3 247 0
1 629 3 901 1 75 3
1 778 2 100 0 203 2
2 951 0 203 1 652 1
2 361 3 424 0 384 1
2 631 1 846 0 825 3
1 900 2 681 2 413 2
2 968 0 263 3 540 3
0 192 0 280 1 55 0
2 440 2 974 3 959 0
1 784 3 822 1 658 3
0 71 1 678 3 373 1
1 913 0 334 2 192 2
1 248 3 721 0 313 3
2 272 3 147 1 139 1
1 797 1 513 0 166 3
2 540 1 921 1 597 3
1 142 1 275 2 892 0
1 205 0 893 2 967 1
0 106 2 685 3 539 2
0 706 2 438 2 579 3
2 528 2 667 2 892 2
0 784 2 194 2 390 0
0 710 1 763 0 843 0
1 735 2 899 1 444 2
1 375 1 146 0 72 1
2 316 3 43 0 102 1
0 844 1 318 2 158 1
0 354 1 795 1 936 2
0 732 0 625 0 490 3
1 914 1 698 2 44 1
1 498 3 477 3 360 3
2 519 1 324 1 518 3
0 806 2 196 3 958 1
0 448 0 771 2 529 1
1 926 3 627 0 246 0
2 606 3 73 1 888 1
0 759 1 16 1 91 0
0 49 1 511 2 682 2
0 563 0 509 1 19 0
1 617 0 737 3 899 2
0 140 0 755 3 781 0
0 872 0 625 1 778 0
1 812 3 688 3 227 1
2 598 1 483 3 981 0
1 232 3 195 0 591 3
1 724 3 88 0 115 1
0 245 1 345 1 324 1
0 903 2 650 1 323 1
0 656 1 211 0 736 2
0 679 1 236 3 784 0
1 252 1 573 1 943 2
1 267 3 340 3 589 2
2 912 3 445 0 532 0
2 269 2 773 0 124 2
0 260 2 703 0 428 0
0 371 2 917 2 201 1
0 790 3 538 2 778 3
1 310 3 135 3 405 0
2 881 2 232 2 309 3
0 737 0 368 0 110 1
0 312 2 964 2 845 2
2 623 1 187 2 828 2
1 655 1 261 1 596 0
1 98 0 445 1 396 2
0 802 0 57 3 708 2
0 739 1 513 3 247 0
1 629 3 901 1 75 3
1 778 2 100 0 203 2
2 951 0 203 1 652 1
2 361 3 424 0 384 1
2 631 1 846 0 825 3
1 900 2 681 2 413 2
2 968 0 263 3 540 3
0 192 0 280 1 55 0
2 440 2 974 3 959 0
1 784 3 822 1 658 3
0 71 1 678 3 373 1
1 913 0 334 2 192 2
1 248 3 721 0 313 3
2 272 3 147 1 139 1
1 797 1 513 0 166 3
2 540 1 921 1 597 3
1 142 1 275 2 892 0
1 205 0 893 2 967 1
0 106 2 685 3 539 2
0 706 2 438 2 579 3
2 528 2 667 2 892 2
0 784 2 194 2 390 0
0 710 1 763 0 843 0
1 735 2 899 1 444 2
1 375 1 146 0 72 1
2 316 3 43 0 102 1
0 844 1 318 2 158 1
0 354 1 795 1 936 2
0 732 0 625 0 490 3
1 914 1 698 2 44 1
1 498 3 477 3 360 3
2 519 1 324 1 518 3
0 806 2 196 3 958 1
0 448 0 771 2 529 1
1 926 3 627 0 246 0
2 606 3 73 1 888 1
0 759 1 16 1 91 0
0 49 1 511 2 682 2
0 563 0 509 1 19 0
1 617 0 737 3 899 2
0 140 0 755 3 781 0
0 872 0 625 1 778 0
1 812 3 688 3 227 1
2 598 1 483 3 981 0
1 232 3 195 0 591 3
1 724 3 88 0 115 1
0 245 1 345 1 324 1
0 903 2 650 1 323 1
0 656 1 211 0 736 2
0 679 1 236 3 784 0
1 252 1 573 1 943 2
1 267 3 340 3 589 2
2 912 3 445 0 532 0
2 269 2 773 0 124 2
0 260 2 703 0 428 0
0 371 2 917 2 201 1
0 790 3 538 2 778 3
1 310 3 135 3 405 0
2 881 2 232 2 309 3
0 737 0 368 0 110 1
0 312 2 964 2 845 2
2 623 1 187 2 828 2
1 98 0 445 1 396 2
0 802 0 57 3 708 2
0 739 1 513 3 247 0
1 629 3 901 1 75 3
1 778 2 100 0 203 2
2 951 0 203 1 652 1
2 361 3 424 0 384 1
2 631 1 846 0 825 3
1 900 2 681 2 413 2
2 968 0 263 3 540 3
0 192 0 280 1 55 0
2 440 2 974 3 959 0
1 784 3 822 1 658 3
0 71 1 678 3 373 1
1 913 0 334 2 192 2
1 248 3 721 0 313 3
2 272 3 147 1 139 1
1 797 1 513 0 166 3
2 540 1 921 1 597 3
1 142 1 275 2 892 0
1 205 0 893 2 967 1
0 106 2 685 3 539 2
0 706 2 438 2 579 3
2 528 2 667 2 892 2
0 784 2 194 2 390 0
0 710 1 763 0 843 0
1 735 2 899 1 444 2
1 375 1 146 0 72 1
2 316 3 43 0 102 1
0 844 1 318 2 158 1
0 354 1 795 1 936 2
0 732 0 625 0 490 3
1 914 1 698 2 44 1
1 498 3 477 3 360 3
2 519 1 324 1 518 3
0 806 2 196 3 958 1
0 448 0 771 2 529 1
1 926 3 627 0 246 0
2 606 3 73 1 888 1
0 759 1 16 1 91 0
0 49 1 511 2 682 2
0 563 0 509 1 19 0
1 617 0 737 3 899 2
0 140 0 755 3 781 0
0 872 0 625 1 778 0
1 812 3 688 3 227 1
2 598 1 483 3 981 0
1 232 3 195 0 591 3
1 724 3 88 0 115 1
0 245 1 345 1 324 1
0 903 2 650 1 323 1
0 656 1 211 0 736 2
0 679 1 236 3 784 0
1 252 1 573 1 943 2
1 267 3 340 3 589 2
2 912 3 445 0 532 0
2 269 2 773 0 124 2
0 260 2 703 0 428 0
0 371 2 917 2 201 1
0 790 3 538 2 778 3
1 310 3 135 3 405 0
2 881 2 232 2 309 3
0 737 0 368 0 110 1
0 312 2 964 2 845 2
2 623 1 187 2 828 2
1 98 0 445 1 396 2
0 802 0 57 3 708 2
0 739 1 513 3 247 0
1 629 3 901 1 75 3
1 778 2 100 0 203 2
2 951 0 203 1 652 1
2 361 3 424 0 384 1
2 631 1 846 0 825 3
1 900 2 681 2 413 2
2 968 0 263 3 540 3
0 192 0 280 1 55 0
2 440 2 974 3 959 0
1 784 3 822 1 658 3
0 71 1 678 3 373 1
1 913 0 334 2 192 2
1 248 3 721 0 313 3
2 272 3 147 1 139 1
1 797 1 513 0 166 3
2 540 1 921 1 597 3
1 142 1 275 2 892 0
1 205 0 893 2 967 1
0 106 2 685 3 539 2
0 706 2 438 2 579 3
2 528 2 667 2 892 2
0 784 2 194 2 390 0
0 710 1 763 0 843 0
1 735 2 899 1 444 2
1 375 1 146 0 72 1
2 316 3 43 0 102 1
0 844 1 318 2 158 1
0 354 1 795 1 936 2
0 732 0 625 0 490 3
1 914 1 698 2 44 1
1 498 3 477 3 360 3
2 519 1 324 1 518 3
0 806 2 196 3 958 1
0 448 0 771 2 529 1
1 926 3 627 0 246 0
2 606 3 73 1 888 1
0 759 1 16 1 91 0
0 49 1 511 2 682 2
0 563 0 509 1 19 0
1 617 0 737 3 899 2
0 140 0 755 3 781 0
0 872 0 625 1 778 0
1 812 3 688 3 227 1
2 598 1 483 3 981 0
1 232 3 195 0 591 3
1 724 3 88 0 115 1
0 245 1 345 1 324 1
0 903 2 650 1 323 1
0 656 1 211 0 736 2
0 679 1 236 3 784 0
1 252 1 573 1 943 2
1 267 3 340 3 589 2
2 912 3 445 0 532 0
2 269 2 773 0 124 2
0 260 2 703 0 428 0
0 371 2 917 2 201 1
0 790 3 538 2 778 3
1 310 3 135 3 405 0
2 881 2 232 2 309 3
0 737 0 368 0 110 1
0 312 2 964 2 845 2
2 623 1 187 2 828 2
1 946 1 602 2 352 2
0 952 0 718 2 445 3
1 98 0 445 1 396 2
0 802 0 57 3 708 2
0 739 1 513 3 247 0
1 629 3 901 1 75 3
1 778 2 100 0 203 2
2 951 0 203 1 652 1
2 361 3 424 0 384 1
2 631 1 846 0 825 3
1 900 2 681 2 413 2
2 968 0 263 3 540 3
0 192 0 280 1 55 0
2 440 2 974 3 959 0
1 784 3 822 1 658 3
0 71 1 678 3 373 1
1 913 0 334 2 192 2
1 248 3 721 0 313 3
2 272 3 147 1 139 1
1 797 1 513 0 166 3
2 540 1 921 1 597 3
1 142 1 275 2 892 0
1 205 0 893 2 967 1
0 106 2 685 3 539 2
0 706 2 438 2 579 3
2 528 2 667 2 892 2
0 784 2 194 2 390 0
0 710 1 763 0 843 0
1 735 2 899 1 444 2
1 375 1 146 0 72 1
2 316 3 43 0 102 1
0 844 1 318 2 158 1
0 354 1 795 1 936 2
0 732 0 625 0 490 3
1 914 1 698 2 44 1
1 498 3 477 3 360 3
2 519 1 324 1 518 3
0 806 2 196 3 958 1
0 448 0 771 2 529 1
1 926 3 627 0 246 0
2 606 3 73 1 888 1
0 759 1 16 1 91 0
0 49 1 511 2 682 2
0 563 0 509 1 19 0
1 617 0 737 3 899 2
0 140 0 755 3 781 0
0 872 0 625 1 778 0
1 812 3 688 3 227 1
2 598 1 483 3 981 0
1 232 3 195 0 591 3
1 724 3 88 0 115 1
0 245 1 345 1 324 1
0 903 2 650 1 323 1
0 656 1 211 0 736 2
0 679 1 236 3 784 0
1 252 1 573 1 943 2
1 267 3 340 3 589 2
2 912 3 445 0 532 0
2 269 2 773 0 124 2
0 260 2 703 0 428 0
0 371 2 917 2 201 1
0 790 3 538 2 778 3
1 310 3 135 3 405 0
2 881 2 232 2 309 3
0 737 0 368 0 110 1
0 312 2 964 2 845 2
2 623 1 187 2 828 2
1 98 0 445 1 396 2
0 802 0 57 3 708 2
0 739 1 513 3 247 0
1 629 3 901 1 75 3
1 778 2 100 0 203 2
2 951 0 203 1 652 1
2 361 3 424 0 384 1
2 631 1 846 0 825 3
1 900 2 681 2 413 2
2 968 0 263 3 540 3
0 192 0 280 1 55 0
2 440 2 974 3 959 0
1 784 3 822 1 658 3
0 71 1 678 3 373 1
1 913 0 334 2 192 2
1 248 3 721 0 313 3
2 272 3 147 1 139 1
1 797 1 513 0 166 3
2 540 1 921 1 597 3
1 142 1 275 2 892 0
1 205 0 893 2 967 1
0 106 2 685 3 539 2
0 706 2 438 2 579 3
2 528 2 667 2 892 2
0 784 2 194 2 390 0
0 710 1 763 0 843 0
1 735 2 899 1 444 2
1 375 1 146 0 72 1
2 316 3 43 0 102 1
0 844 1 318 2 158 1
0 354 1 795 1 936 2
0 732 0 625 0 490 3
1 914 1 698 2 44 1
1 498 3 477 3 360 3
2 519 1 324 1 518 3
0 806 2 196 3 958 1
0 448 0 771 2 529 1
1 926 3 627 0 246 0
2 606 3 73 1 888 1
0 759 1 16 1 91 0
0 49 1 511 2 682 2
0 563 0 509 1 19 0
1 617 0 737 3 899 2
0 140 0 755 3 781 0
0 872 0 625 1 778 0
1 812 3 688 3 227 1
2 598 1 483 3 981 0
1 232 3 195 0 591 3
1 724 3 88 0 115 1
0 245 1 345 1 324 1
0 903 2 650 1 323 1
0 656 1 211 0 736 2
0 679 1 236 3 784 0
1 252 1 573 1 943 2
1 267 3 340 3 589 2
2 912 3 445 0 532 0
2 269 2 773 0 124 2
0 260 2 703 0 428 0
0 371 2 917 2 201 1
0 790 3 538 2 778 3
1 310 3 135 3 405 0
2 881 2 232 2 309 3
0 737 0 368 0 110 1
0 312 2 964 2 845 2
2 623 1 187 2 828 2
0 681 0 544 3 697 1
0 601 3 103 2 737 1
1 98 0 445 1 396 2
0 802 0 57 3 708 2
0 739 1 513 3 247 0
1 629 3 901 1 75 3
1 778 2 100 0 203 2
2 951 0 203 1 652 1
2 361 3 424 0 384 1
2 631 1 846 0 825 3
1 900 2 681 2 413 2
2 968 0 263 3 540 3
0 192 0 280 1 55 0
2 440 2 974 3 959 0
1 784 3 822 1 658 3
0 71 1 678 3 373 1
1 913 0 334 2 192 2
1 248 3 721 0 313 3
2 272 3 147 1 139 1
1 797 1 513 0 166 3
2 540 1 921 1 597 3
1 142 1 275 2 892 0
1 205 0 893 2 967 1
0 106 2 685 3 539 2
0 706 2 438 2 579 3
2 528 2 667 2 892 2
0 784 2 194 2 390 0
0 710 1 763 0 843 0
1 735 2 899 1 444 2
1 375 1 146 0 72 1
2 316 3 43 0 102 1
0 844 1 318 2 158 1
0 354 1 795 1 936 2
0 732 0 625 0 490 3
1 914 1 698 2 44 1
1 498 3 477 3 360 3
2 519 1 324 1 518 3
0 806 2 196 3 958 1
0 448 0 771 2 529 1
1 926 3 627 0 246 0
2 606 3 73 1 888 1
0 759 1 16 1 91 0
0 49 1 511 2 682 2
0 563 0 509 1 19 0
1 617 0 737 3 899 2
0 140 0 755 3 781 0
0 872 0 625 1 778 0
1 812 3 688 3 227 1
2 598 1 483 3 981 0
1 232 3 195 0 591 3
1 724 3 88 0 115 1
0 245 1 345 1 324 1
0 903 2 650 1 323 1
0 656 1 211 0 736 2
0 679 1 236 3 784 0
1 252 1 573 1 943 2
1 267 3 340 3 589 2
2 912 3 445 0 532 0
2 269 2 773 0 124 2
0 260 2 703 0 428 0
0 371 2 917 2 201 1
0 790 3 538 2 778 3
1 310 3 135 3 405 0
2 881 2 232 2 309 3
0 737 0 368 0 110 1
0 312 2 964 2 845 2
2 623 1 187 2 828 2
0 800 1 266 3 466 3
1 98 0 445 1 396 2
0 802 0 57 3 708 2
0 739 1 513 3 247 0
1 629 3 901 1 75 3
1 778 2 100 0 203 2
2 951 0 203 1 652 1
2 361 3 424 0 384 1
2 631 1 846 0 825 3
1 900 2 681 2 413 2
2 968 0 263 3 540 3
0 192 0 280 1 55 0
2 440 2 974 3 959 0
1 784 3 822 1 658 3
0 71 1 678 3 373 1
1 913 0 334 2 192 2
1 248 3 721 0 313 3
2 272 3 147 1 139 1
1 797 1 513 0 166 3
2 540 1 921 1 597 3
1 142 1 275 2 892 0
1 205 0 893 2 967 1
0 106 2 685 3 539 2
0 706 2 438 2 579 3
2 528 2 667 2 892 2
0 784 2 194 2 390 0
0 710 1 763 0 843 0
1 735 2 899 1 444 2
1 375 1 146 0 72 1
2 316 3 43 0 102 1
0 844 1 318 2 158 1
0 354 1 795 1 936 2
0 732 0 625 0 490 3
1 914 1 698 2 44 1
1 498 3 477 3 360 3
2 519 1 324 1 518 3
0 806 2 196 3 958 1
0 448 0 771 2 529 1
1 926 3 627 0 246 0
2 606 3 73 1 888 1
0 759 1 16 1 91 0
0 49 1 511 2 682 2
0 563 0 509 1 19 0
1 617 0 737 3 899 2
0 140 0 755 3 781 0
0 872 0 625 1 778 0
1 812 3 688 3 227 1
2 598 1 483 3 981 0
1 232 3 195 0 591 3
1 724 3 88 0 115 1
0 245 1 345 1 324 1
0 903 2 650 1 323 1
0 656 1 211 0 736 2
0 679 1 236 3 784 0
1 252 1 573 1 943 2
1 267 3 340 3 589 2
2 912 3 445 0 532 0
2 269 2 773 0 124 2
0 260 2 703 0 428 0
0 371 2 917 2 201 1
0 790 3 538 2 778 3
1 310 3 135 3 405 0
2 881 2 232 2 309 3
0 737 0 368 0 110 1
0 312 2 964 2 845 2
2 623 1 187 2 828 2
1 98 0 445 1 396 2
0 802 0 57 3 708 2
0 739 1 513 3 247 0
1 629 3 901 1 75 3
1 778 2 100 0 203 2
2 951 0 203 1 652 1
2 361 3 424 0 384 1
2 631 1 846 0 825 3
1 900 2 681 2 413 2
2 968 0 263 3 540 3
0 192 0 280 1 55 0
2 440 2 974 3 959 0
1 784 3 822 1 658 3
0 71 1 678 3 373 1
1 913 0 334 2 192 2
1 248 3 721 0 313 3
2 272 3 147 1 139 1
1 797 1 513 0 166 3
2 540 1 921 1 597 3
1 142 1 275 2 892 0
1 205 0 893 2 967 1
0 106 2 685 3 539 2
0 706 2 438 2 579 3
2 528 2 667 2 892 2
0 784 2 194 2 390 0
0 710 1 763 0 843 0
1 735 2 899 1 444 2
1 375 1 146 0 72 1
2 316 3 43 0 102 1
0 844 1 318 2 158 1
0 354 1 795 1 936 2
0 732 0 625 0 490 3
1 914 1 698 2 44 1
1 498 3 477 3 360 3
2 519 1 324 1 518 3
0 806 2 196 3 958 1
0 448 0 771 2 529 1
1 926 3 627 0 246 0
2 606 3 73 1 888 1
0 759 1 16 1 91 0
0 49 1 511 2 682 2
0 563 0 509 1 19 0
1 617 0 737 3 899 2
0 140 0 755 3 781 0
0 872 0 625 1 778 0
1 812 3 688 3 227 1
2 598 1 483 3 981 0
1 232 3 195 0 591 3
1 724 3 88 0 115 1
0 245 1 345 1 324 1
0 903 2 650 1 323 1
0 656 1 211 0 736 2
0 679 1 236 3 784 0
1 252 1 573 1 943 2
1 267 3 340 3 589 2
2 912 3 445 0 532 0
2 269 2 773 0 124 2
0 260 2 703 0 428 0
0 371 2 917 2 201 1
0 790 3 538 2 778 3
1 310 3 135 3 405 0
2 881 2 232 2 309 3
0 737 0 368 0 110 1
0 312 2 964 2 845 2
2 623 1 187 2 828 2
1 915 1 361 0 903 1
1 98 0 445 1 396 2
0 802 0 57 3 708 2
0 739 1 513 3 247 0
1 629 3 901 1 75 3
1 778 2 100 0 203 2
2 951 0 203 1 652 1
2 361 3 424 0 384 1
2 631 1 846 0 825 3
1 900 2 681 2 413 2
2 968 0 263 3 540 3
0 192 0 280 1 55 0
2 440 2 974 3 959 0
1 784 3 822 1 658 3
0 71 1 678 3 373 1
1 913 0 334 2 192 2
1 248 3 721 0 313 3
2 272 3 147 1 139 1
1 797 1 513 0 166 3
2 540 1 921 1 597 3
1 142 1 275 2 892 0
1 205 0 893 2 967 1
0 106 2 685 3 539 2
0 706 2 438 2 579 3
2 528 2 667 2 892 2
0 784 2 194 2 390 0
0 710 1 763 0 843 0
1 735 2 899 1 444 2
1 375 1 146 0 72 1
2 316 3 43 0 102 1
0 844 1 318 2 158 1
0 354 1 795 1 936 2
0 732 0 625 0 490 3
1 914 1 698 2 44 1
1 498 3 477 3 360 3
2 519 1 324 1 518 3
0 806 2 196 3 958 1
0 448 0 771 2 529 1
1 926 3 627 0 246 0
2 606 3 73 1 888 1
0 759 1 16 1 91 0
0 49 1 511 2 682 2
0 563 0 509 1 19 0
1 617 0 737 3 899 2
0 140 0 755 3 781 0
0 872 0 625 1 778 0
1 812 3 688 3 227 1
2 598 1 483 3 981 0
1 232 3 195 0 591 3
1 724 3 88 0 115 1
0 245 1 345 1 324 1
0 903 2 650 1 323 1
0 656 1 211 0 736 2
0 679 1 236 3 784 0
1 252 1 573 1 943 2
1 267 3 340 3 589 2
2 912 3 445 0 532 0
2 269 2 773 0 124 2
0 260 2 703 0 428 0
0 371 2 917 2 201 1
0 790 3 538 2 778 3
1 310 3 135 3 405 0
2 881 2 232 2 309 3
0 737 0 368 0 110 1
0 312 2 964 2 845 2
2 623 1 187 2 828 2
1 98 0 445 1 396 2
0 802 0 57 3 708 2
0 739 1 513 3 247 0
1 629 3 901 1 75 3
1 778 2 100 0 203 2
2 951 0 203 1 652 1
2 361 3 424 0 384 1
2 631 1 846 0 825 3
1 900 2 681 2 413 2
2 968 0 263 3 540 3
0 192 0 280 1 55 0
2 440 2 974 3 959 0
1 784 3 822 1 658 3
0 71 1 678 3 373 1
1 913 0 334 2 192 2
1 248 3 721 0 313 3
2 272 3 147 1 139 1
1 797 1 513 0 166 3
2 540 1 921 1 597 3
1 142 1 275 2 892 0
1 205 0 893 2 967 1
0 106 2 685 3 539 2
0 706 2 438 2 579 3
2 528 2 667 2 892 2
0 784 2 194 2 390 0
0 710 1 763 0 843 0
1 735 2 899 1 444 2
1 375 1 146 0 72 1
2 316 3 43 0 102 1
0 844 1 318 2 158 1
0 354 1 795 1 936 2
0 732 0 625 0 490 3
1 914 1 698 2 44 1
1 498 3 477 3 360 3
2 519 1 324 1 518 3
0 806 2 196 3 958 1
0 448 0 771 2 529 1
1 926 3 627 0 246 0
2 606 3 73 1 888 1
0 759 1 16 1 91 0
0 49 1 511 2 682 2
0 563 0 509 1 19 0
1 617 0 737 3 899 2
0 140 0 755 3 781 0
0 872 0 625 1 778 0
1 812 3 688 3 227 1
2 598 1 483 3 981 0
1 232 3 195 0 591 3
1 724 3 88 0 115 1
0 245 1 345 1 324 1
0 903 2 650 1 323 1
0 656 1 211 0 736 2
0 679 1 236 3 784 0
1 252 1 573 1 943 2
1 267 3 340 3 589 2
2 912 3 445 0 532 0
2 269 2 773 0 124 2
0 260 2 703 0 428 0
0 371 2 917 2 201 1
0 790 3 538 2 778 3
1 310 3 135 3 405 0
2 881 2 232 2 309 3
0 737 0 368 0 110 1
0 312 2 964 2 845 2
2 623 1 187 2 828 2
1 98 0 445 1 396 2
0 802 0 57 3 708 2
0 739 1 513 3 247 0
1 629 3 901 1 75 3
1 778 2 100 0 203 2
2 951 0 203 1 652 1
2 361 3 424 0 384 1
2 631 1 846 0 825 3
1 900 2 681 2 413 2
2 968 0 263 3 540 3
0 192 0 280 1 55 0
2 440 2 974 3 959 0
1 784 3 822 1 658 3
0 71 1 678 3 373 1
1 913 0 334 2 192 2
1 248 3 721 0 313 3
2 272 3 147 1 139 1
1 797 1 513 0 166 3
2 540 1 921 1 597 3
1 142 1 275 2 892 0
1 205 0 893 2 967 1
0 106 2 685 3 539 2
0 706 2 438 2 579 3
2 528 2 667 2 892 2
0 784 2 194 2 390 0
0 710 1 763 0 843 0
1 735 2 899 1 444 2
1 375 1 146 0 72 1
2 316 3 43 0 102 1
0 844 1 318 2 158 1
0 354 1 795 1 936 2
0 732 0 625 0 490 3
1 914 1 698 2 44 1
1 498 3 477 3 360 3
2 519 1 324 1 518 3
0 806 2 196 3 958 1
0 448 0 771 2 529 1
1 926 3 627 0 246 0
2 606 3 73 1 888 1
0 759 1 16 1 91 0
0 49 1 511 2 682 2
0 563 0 509 1 19 0
1 617 0 737 3 899 2
0 140 0 755 3 781 0
0 872 0 625 1 778 0
1 812 3 688 3 227 1
2 598 1 483 3 981 0
1 232 3 195 0 591 3
1 724 3 88 0 115 1
0 245 1 345 1 324 1
0 903 2 650 1 323 1
0 656 1 211 0 736 2
0 679 1 236 3 784 0
1 252 1 573 1 943 2
1 267 3 340 3 589 2
2 912 3 445 0 532 0
2 269 2 773 0 124 2
0 260 2 703 0 428 0
0 371 2 917 2 201 1
0 790 3 538 2 778 3
1 310 3 135 3 405 0
2 881 2 232 2 309 3
0 737 0 368 0 110 1
0 312 2 964 2 845 2
2 623 1 187 2 828 2
0 120 3 660 3 673 1
1 98 0 445 1 396 2
0 802 0 57 3 708 2
0 739 1 513 3 247 0
1 629 3 901 1 75 3
1 778 2 100 0 203 2
2 951 0 203 1 652 1
2 361 3 424 0 384 1
2 631 1 846 0 825 3
1 900 2 681 2 413 2
2 968 0 263 3 540 3
0 192 0 280 1 55 0
2 440 2 974 3 959 0
1 784 3 822 1 658 3
0 71 1 678 3 373 1
1 913 0 334 2 192 2
1 248 3 721 0 313 3
2 272 3 147 1 139 1
1 797 1 513 0 166 3
2 540 1 921 1 597 3
1 142 1 275 2 892 0
1 205 0 893 2 967 1
0 106 2 685 3 539 2
0 706 2 438 2 579 3
2 528 2 667 2 892 2
0 784 2 194 2 390 0
0 710 1 763 0 843 0
1 735 2 899 1 444 2
1 375 1 146 0 72 1
2 316 3 43 0 102 1
0 844 1 318 2 158 1
0 354 1 795 1 936 2
0 732 0 625 0 490 3
1 914 1 698 2 44 1
1 498 3 477 3 360 3
2 519 1 324 1 518 3
0 806 2 196 3 958 1
0 448 0 771 2 529 1
1 926 3 627 0 246 0
2 606 3 73 1 888 1
0 759 1 16 1 91 0
0 49 1 511 2 682 2
0 563 0 509 1 19 0
1 617 0 737 3 899 2
0 140 0 755 3 781 0
0 872 0 625 1 778 0
1 812 3 688 3 227 1
2 598 1 483 3 981 0
1 232 3 195 0 591 3
1 724 3 88 0 115 1
0 245 1 345 1 324 1
0 903 2 650 1 323 1
0 656 1 211 0 736 2
0 679 1 236 3 784 0
1 252 1 573 1 943 2
1 267 3 340 3 589 2
2 912 3 445 0 532 0
2 269 2 773 0 124 2
0 260 2 703 0 428 0
0 371 2 917 2 201 1
0 790 3 538 2 778 3
1 310 3 135 3 405 0
2 881 2 232 2 309 3
0 737 0 368 0 110 1
0 312 2 964 2 845 2
2 623 1 187 2 828 2
1 98 0 445 1 396 2
0 802 0 57 3 708 2
0 739 1 513 3 247 0
1 629 3 901 1 75 3
1 778 2 100 0 203 2
2 951 0 203 1 652 1
2 361 3 424 0 384 1
2 631 1 846 0 825 3
1 900 2 681 2 413 2
2 968 0 263 3 540 3
0 192 0 280 1 55 0
2 440 2 974 3 959 0
1 784 3 822 1 658 3
0 71 1 678 3 373 1
1 913 0 334 2 192 2
1 248 3 721 0 313 3
2 272 3 147 1 139 1
1 797 1 513 0 166 3
2 540 1 921 1 597 3
1 142 1 275 2 892 0
1 205 0 893 2 967 1
0 106 2 685 3 539 2
0 706 2 438 2 579 3
2 528 2 667 2 892 2
0 784 2 194 2 390 0
0 710 1 763 0 843 0
1 735 2 899 1 444 2
1 375 1 146 0 72 1
2 316 3 43 0 102 1
0 844 1 318 2 158 1
0 354 1 795 1 936 2
0 732 0 625 0 490 3
1 914 1 698 2 44 1
1 498 3 477 3 360 3
2 519 1 324 1 518 3
0 806 2 196 3 958 1
0 448 0 771 2 529 1
1 926 3 627 0 246 0
2 606 3 73 1 888 1
0 759 1 16 1 91 0
0 49 1 511 2 682 2
0 563 0 509 1 19 0
1 617 0 737 3 899 2
0 140 0 755 3 781 0
0 872 0 625 1 778 0
1 812 3 688 3 227 1
2 598 1 483 3 981 0
1 232 3 195 0 591 3
1 724 3 88 0 115 1
0 245 1 345 1 324 1
0 903 2 650 1 323 1
0 656 1 211 0 736 2
0 679 1 236 3 784 0
1 252 1 573 1 943 2
1 267 3 340 3 589 2
2 912 3 445 0 532 0
2 269 2 773 0 124 2
0 260 2 703 0 428 0
0 371 2 917 2 201 1
0 790 3 538 2 778 3
1 310 3 135 3 405 0
2 881 2 232 2 309 3
0 737 0 368 0 110 1
0 312 2 964 2 845 2
2 623 1 187 2 828 2
1 98 0 445 1 396 2
0 802 0 57 3 708 2
0 739 1 513 3 247 0
1 629 3 901 1 75 3
1 778 2 100 0 203 2
2 951 0 203 1 652 1
2 361 3 424 0 384 1
2 631 1 846 0 825 3
1 900 2 681 2 413 2
2 968 0 263 3 540 3
0 192 0 280 1 55 0
2 440 2 974 3 959 0
1 784 3 822 1 658 3
0 71 1 678 3 373 1
1 913 0 334 2 192 2
1 248 3 721 0 313 3
2 272 3 147 1 139 1
1 797 1 513 0 166 3
2 540 1 921 1 597 3
1 142 1 275 2 892 0
1 205 0 893 2 967 1
0 106 2 685 3 539 2
0 706 2 438 2 579 3
2 528 2 667 2 892 2
0 784 2 194 2 390 0
0 710 1 763 0 843 0
1 735 2 899 1 444 2
1 375 1 146 0 72 1
2 316 3 43 0 102 1
0 844 1 318 2 158 1
0 354 1 795 1 936 2
0 732 0 625 0 490 3
1 914 1 698 2 44 1
1 498 3 477 3 360 3
2 519 1 324 1 518 3
0 806 2 196 3 958 1
0 448 0 771 2 529 1
1 926 3 627 0 246 0
2 606 3 73 1 888 1
0 759 1 16 1 91 0
0 49 1 511 2 682 2
0 563 0 509 1 19 0
1 617 0 737 3 899 2
0 140 0 755 3 781 0
0 872 0 625 1 778 0
1 812 3 688 3 227 1
2 598 1 483 3 981 0
1 232 3 195 0 591 3
1 724 3 88 0 115 1
0 245 1 345 1 324 1
0 903 2 650 1 323 1
0 656 1 211 0 736 2
0 679 1 236 3 784 0
1 252 1 573 1 943 2
1 267 3 340 3 589 2
2 912 3 445 0 532 0
2 269 2 773 0 124 2
0 260 2 703 0 428 0
0 371 2 917 2 201 1
0 790 3 538 2 778 3
1 310 3 135 3 405 0
2 881 2 232 2 309 3
0 737 0 368 0 110 1
0 312 2 964 2 845 2
2 623 1 187 2 828 2
1 98 0 445 1 396 2
0 802 0 57 3 708 2
0 739 1 513 3 247 0
1 629 3 901 1 75 3
1 778 2 100 0 203 2
2 951 0 203 1 652 1
2 361 3 424 0 384 1
2 631 1 846 0 825 3
1 900 2 681 2 413 2
2 968 0 263 3 540 3
0 192 0 280 1 55 0
2 440 2 974 3 959 0
1 784 3 822 1 658 3
0 71 1 678 3 373 1
1 913 0 334 2 192 2
1 248 3 721 0 313 3
2 272 3 147 1 139 1
1 797 1 513 0 166 3
2 540 1 921 1 597 3
1 142 1 275 2 892 0
1 205 0 893 2 967 1
0 106 2 685 3 539 2
0 706 2 438 2 579 3
2 528 2 667 2 892 2
0 784 2 194 2 390 0
0 710 1 763 0 843 0
1 735 2 899 1 444 2
1 375 1 146 0 72 1
2 316 3 43 0 102 1
0 844 1 318 2 158 1
0 354 1 795 1 936 2
0 732 0 625 0 490 3
1 914 1 698 2 44 1
1 498 3 477 3 360 3
2 519 1 324 1 518 3
0 806 2 196 3 958 1
0 448 0 771 2 529 1
1 926 3 627 0 246 0
2 606 3 73 1 888 1
0 759 1 16 1 91 0
0 49 1 511 2 682 2
0 563 0 509 1 19 0
1 617 0 737 3 899 2
0 140 0 755 3 781 0
0 872 0 625 1 778 0
1 812 3 688 3 227 1
2 598 1 483 3 981 0
1 232 3 195 0 591 3
1 724 3 88 0 115 1
0 245 1 345 1 324 1
0 903 2 650 1 323 1
0 656 1 211 0 736 2
0 679 1 236 3 784 0
1 252 1 573 1 943 2
1 267 3 340 3 589 2
2 912 3 445 0 532 0
2 269 2 773 0 124 2
0 260 2 703 0 428 0
0 371 2 917 2 201 1
0 790 3 538 2 778 3
1 310 3 135 3 405 0
2 881 2 232 2 309 3
0 737 0 368 0 110 1
0 312 2 964 2 845 2
2 623 1 187 2 828 2
2 11 0 420 2 341 0
1 219 3 766 3 258 0
0 763 2 622 3 105 2
0 32 0 900 1 588 1
1 98 0 445 1 396 2
0 802 0 57 3 708 2
0 739 1 513 3 247 0
1 629 3 901 1 75 3
1 778 2 100 0 203 2
2 951 0 203 1 652 1
2 361 3 424 0 384 1
2 631 1 846 0 825 3
1 900 2 681 2 413 2
2 968 0 263 3 540 3
0 192 0 280 1 55 0
2 440 2 974 3 959 0
1 784 3 822 1 658 3
0 71 1 678 3 373 1
1 913 0 334 2 192 2
1 248 3 721 0 313 3
2 272 3 147 1 139 1
1 797 1 513 0 166 3
2 540 1 921 1 597 3
1 142 1 275 2 892 0
1 205 0 893 2 967 1
0 106 2 685 3 539 2
0 706 2 438 2 579 3
2 528 2 667 2 892 2
0 784 2 194 2 390 0
0 710 1 763 0 843 0
1 735 2 899 1 444 2
1 375 1 146 0 72 1
2 316 3 43 0 102 1
0 844 1 318 2 158 1
0 354 1 795 1 936 2
0 732 0 625 0 490 3
1 914 1 698 2 44 1
1 498 3 477 3 360 3
2 519 1 324 1 518 3
0 806 2 196 3 958 1
0 448 0 771 2 529 1
1 926 3 627 0 246 0
2 606 3 73 1 888 1
0 759 1 16 1 91 0
0 49 1 511 2 682 2
0 563 0 509 1 19 0
1 617 0 737 3 899 2
0 140 0 755 3 781 0
0 872 0 625 1 778 0
1 812 3 688 3 227 1
2 598 1 483 3 981 0
1 232 3 195 0 591 3
1 724 3 88 0 115 1
0 245 1 345 1 324 1
0 903 2 650 1 323 1
0 656 1 211 0 736 2
0 679 1 236 3 784 0
1 252 1 573 1 943 2
1 267 3 340 3 589 2
2 912 3 445 0 532 0
2 269 2 773 0 124 2
0 260 2 703 0 428 0
0 371 2 917 2 201 1
0 790 3 538 2 778 3
1 310 3 135 3 405 0
2 881 2 232 2 309 3
0 737 0 368 0 110 1
0 312 2 964 2 845 2
2 623 1 187 2 828 2
0 200 1 786 0 463 3
0 958 3 429 2 879 2
2 552 0 951 2 739 2
1 98 0 445 1 396 2
0 802 0 57 3 708 2
0 739 1 513 3 247 0
1 629 3 901 1 75 3
1 778 2 100 0 203 2
2 951 0 203 1 652 1
2 361 3 424 0 384 1
2 631 1 846 0 825 3
1 900 2 681 2 413 2
2 968 0 263 3 540 3
0 192 0 280 1 55 0
2 440 2 974 3 959 0
1 784 3 822 1 658 3
0 71 1 678 3 373 1
1 913 0 334 2 192 2
1 248 3 721 0 313 3
2 272 3 147 1 139 1
1 797 1 513 0 166 3
2 540 1 921 1 597 3
1 142 1 275 2 892 0
1 205 0 893 2 967 1
0 106 2 685 3 539 2
0 706 2 438 2 579 3
2 528 2 667 2 892 2
0 784 2 194 2 390 0
0 710 1 763 0 843 0
1 735 2 899 1 444 2
1 375 1 146 0 72 1
2 316 3 43 0 102 1
0 844 1 318 2 158 1
0 354 1 795 1 936 2
0 732 0 625 0 490 3
1 914 1 698 2 44 1
1 498 3 477 3 360 3
2 519 1 324 1 518 3
0 806 2 196 3 958 1
0 448 0 771 2 529 1
1 926 3 627 0 246 0
2 606 3 73 1 888 1
0 759 1 16 1 91 0
0 49 1 511 2 682 2
0 563 0 509 1 19 0
1 617 0 737 3 899 2
0 140 0 755 3 781 0
0 872 0 625 1 778 0
1 812 3 688 3 227 1
2 598 1 483 3 981 0
1 232 3 195 0 591 3
1 724 3 88 0 115 1
0 245 1 345 1 324 1
0 903 2 650 1 323 1
0 656 1 211 0 736 2
0 679 1 236 3 784 0
1 252 1 573 1 943 2
1 267 3 340 3 589 2
2 912 3 445 0 532 0
2 269 2 773 0 124 2
0 260 2 703 0 428 0
0 371 2 917 2 201 1
0 790 3 538 2 778 3
1 310 3 135 3 405 0
2 881 2 232 2 309 3
0 737 0 368 0 110 1
0 312 2 964 2 845 2
2 623 1 187 2 828 2
2 43 0 155 3 123 0
1 98 0 445 1 396 2
0 802 0 57 3 708 2
0 739 1 513 3 247 0
1 629 3 901 1 75 3
1 778 2 100 0 203 2
2 951 0 203 1 652 1
2 361 3 424 0 384 1
2 631 1 846 0 825 3
1 900 2 681 2 413 2
2 968 0 263 3 540 3
0 192 0 280 1 55 0
2 440 2 974 3 959 0
1 784 3 822 1 658 3
0 71 1 678 3 373 1
1 913 0 334 2 192 2
1 248 3 721 0 313 3
2 272 3 147 1 139 1
1 797 1 513 0 166 3
2 540 1 921 1 597 3
1 142 1 275 2 892 0
1 205 0 893 2 967 1
0 106 2 685 3 539 2
0 706 2 438 2 579 3
2 528 2 667 2 892 2
0 784 2 194 2 390 0
0 710 1 763 0 843 0
1 735 2 899 1 444 2
1 375 1 146 0 72 1
2 316 3 43 0 102 1
0 844 1 318 2 158 1
0 354 1 795 1 936 2
0 732 0 625 0 490 3
1 914 1 698 2 44 1
1 498 3 477 3 360 3
2 519 1 324 1 518 3
0 806 2 196 3 958 1
0 448 0 771 2 529 1
1 926 3 627 0 246 0
2 606 3 73 1 888 1
0 759 1 16 1 91 0
0 49 1 511 2 682 2
0 563 0 509 1 19 0
1 617 0 737 3 899 2
0 140 0 755 3 781 0
0 872 0 625 1 778 0
1 812 3 688 3 227 1
2 598 1 483 3 981 0
1 232 3 195 0 591 3
1 724 3 88 0 115 1
0 245 1 345 1 324 1
0 903 2 650 1 323 1
0 656 1 211 0 736 2
0 679 1 236 3 784 0
1 252 1 573 1 943 2
1 267 3 340 3 589 2
2 912 3 445 0 532 0
2 269 2 773 0 124 2
0 260 2 703 0 428 0
0 371 2 917 2 201 1
0 790 3 538 2 778 3
1 310 3 135 3 405 0
2 881 2 232 2 309 3
0 737 0 368 0 110 1
0 312 2 964 2 845 2
2 623 1 187 2 828 2
1 879 0 281 3 439 3
0 465 2 151 2 484 3
0 241 2 517 0 410 3
1 98 0 445 1 396 2
0 802 0 57 3 708 2
0 739 1 513 3 247 0
1 629 3 901 1 75 3
1 778 2 100 0 203 2
2 951 0 203 1 652 1
2 361 3 424 0 384 1
2 631 1 846 0 825 3
1 900 2 681 2 413 2
2 968 0 263 3 540 3
0 192 0 280 1 55 0
2 440 2 974 3 959 0
1 784 3 822 1 658 3
0 71 1 678 3 373 1
1 913 0 334 2 192 2
1 248 3 721 0 313 3
2 272 3 147 1 139 1
1 797 1 513 0 166 3
2 540 1 921 1 597 3
1 142 1 275 2 892 0
1 205 0 893 2 967 1
0 106 2 685 3 539 2
0 706 2 438 2 579 3
2 528 2 667 2 892 2
0 784 2 194 2 390 0
0 710 1 763 0 843 0
1 735 2 899 1 444 2
1 375 1 146 0 72 1
2 316 3 43 0 102 1
0 844 1 318 2 158 1
0 354 1 795 1 936 2
0 732 0 625 0 490 3
1 914 1 698 2 44 1
1 498 3 477 3 360 3
2 519 1 324 1 518 3
0 806 2 196 3 958 1
0 448 0 771 2 529 1
1 926 3 627 0 246 0
2 606 3 73 1 888 1
0 759 1 16 1 91 0
0 49 1 511 2 682 2
0 563 0 509 1 19 0
1 617 0 737 3 899 2
0 140 0 755 3 781 0
0 872 0 625 1 778 0
1 812 3 688 3 227 1
2 598 1 483 3 981 0
1 232 3 195 0 591 3
1 724 3 88 0 115 1
0 245 1 345 1 324 1
0 903 2 650 1 323 1
0 656 1 211 0 736 2
0 679 1 236 3 784 0
1 252 1 573 1 943 2
1 267 3 340 3 589 2
2 912 3 445 0 532 0
2 269 2 773 0 124 2
0 260 2 703 0 428 0
0 371 2 917 2 201 1
0 790 3 538 2 778 3
1 310 3 135 3 405 0
2 881 2 232 2 309 3
0 737 0 368 0 110 1
0 312 2 964 2 845 2
2 623 1 187 2 828 2
1 98 0 445 1 396 2
0 802 0 57 3 708 2
0 739 1 513 3 247 0
1 629 3 901 1 75 3
1 778 2 100 0 203 2
2 951 0 203 1 652 1
2 361 3 424 0 384 1
2 631 1 846 0 825 3
1 900 2 681 2 413 2
2 968 0 263 3 540 3
0 192 0 280 1 55 0
2 440 2 974 3 959 0
1 784 3 822 1 658 3
0 71 1 678 3 373 1
1 913 0 334 2 192 2
1 248 3 721 0 313 3
2 272 3 147 1 139 1
1 797 1 513 0 166 3
2 540 1 921 1 597 3
1 142 1 275 2 892 0
1 205 0 893 2 967 1
0 106 2 685 3 539 2
0 706 2 438 2 579 3
2 528 2 667 2 892 2
0 784 2 194 2 390 0
0 710 1 763 0 843 0
1 735 2 899 1 444 2
1 375 1 146 0 72 1
2 316 3 43 0 102 1
0 844 1 318 2 158 1
0 354 1 795 1 936 2
0 732 0 625 0 490 3
1 914 1 698 2 44 1
1 498 3 477 3 360 3
2 519 1 324 1 518 3
0 806 2 196 3 958 1
0 448 0 771 2 529 1
1 926 3 627 0 246 0
2 606 3 73 1 888 1
0 759 1 16 1 91 0
0 49 1 511 2 682 2
0 563 0 509 1 19 0
1 617 0 737 3 899 2
0 140 0 755 3 781 0
0 872 0 625 1 778 0
1 812 3 688 3 227 1
2 598 1 483 3 981 0
1 232 3 195 0 591 3
1 724 3 88 0 115 1
0 245 1 345 1 324 1
0 903 2 650 1 323 1
0 656 1 211 0 736 2
0 679 1 236 3 784 0
1 252 1 573 1 943 2
1 267 3 340 3 589 2
2 912 3 445 0 532 0
2 269 2 773 0 124 2
0 260 2 703 0 428 0
0 371 2 917 2 201 1
0 790 3 538 2 778 3
1 310 3 135 3 405 0
2 881 2 232 2 309 3
0 737 0 368 0 110 1
0 312 2 964 2 845 2
2 623 1 187 2 828 2
1 98 0 445 1 396 2
0 802 0 57 3 708 2
0 739 1 513 3 247 0
1 629 3 901 1 75 3
1 778 2 100 0 203 2
2 951 0 203 1 652 1
2 361 3 424 0 384 1
2 631 1 846 0 825 3
1 900 2 681 2 413 2
2 968 0 263 3 540 3
0 192 0 280 1 55 0
2 440 2 974 3 959 0
1 784 3 822 1 658 3
0 71 1 678 3 373 1
1 913 0 334 2 192 2
1 248 3 721 0 313 3
2 272 3 147 1 139 1
1 797 1 513 0 166 3
2 540 1 921 1 597 3
1 142 1 275 2 892 0
1 205 0 893 2 967 1
0 106 2 685 3 539 2
0 706 2 438 2 579 3
2 528 2 667 2 892 2
0 784 2 194 2 390 0
0 710 1 763 0 843 0
1 735 2 899 1 444 2
1 375 1 146 0 72 1
2 316 3 43 0 102 1
0 844 1 318 2 158 1
0 354 1 795 1 936 2
0 732 0 625 0 490 3
1 914 1 698 2 44 1
1 498 3 477 3 360 3
2 519 1 324 1 518 3
0 806 2 196 3 958 1
0 448 0 771 2 529 1
1 926 3 627 0 246 0
2 606 3 73 1 888 1
0 759 1 16 1 91 0
0 49 1 511 2 682 2
0 563 0 509 1 19 0
1 617 0 737 3 899 2
0 140 0 755 3 781 0
0 872 0 625 1 778 0
1 812 3 688 3 227 1
2 598 1 483 3 981 0
1 232 3 195 0 591 3
1 724 3 88 0 115 1
0 245 1 345 1 324 1
0 903 2 650 1 323 1
0 656 1 211 0 736 2
0 679 1 236 3 784 0
1 252 1 573 1 943 2
1 267 3 340 3 589 2
2 912 3 445 0 532 0
2 269 2 773 0 124 2
0 260 2 703 0 428 0
0 371 2 917 2 201 1
0 790 3 538 2 778 3
1 310 3 135 3 405 0
2 881 2 232 2 309 3
0 737 0 368 0 110 1
0 312 2 964 2 845 2
2 623 1 187 2 828 2
1 98 0 445 1 396 2
0 802 0 57 3 708 2
0 739 1 513 3 247 0
1 629 3 901 1 75 3
1 778 2 100 0 203 2
2 951 0 203 1 652 1
2 361 3 424 0 384 1
2 631 1 846 0 825 3
1 900 2 681 2 413 2
2 968 0 263 3 540 3
0 192 0 280 1 55 0
2 440 2 974 3 959 0
1 784 3 822 1 658 3
0 71 1 678 3 373 1
1 913 0 334 2 192 2
1 248 3 721 0 313 3
2 272 3 147 1 139 1
1 797 1 513 0 166 3
2 540 1 921 1 597 3
1 142 1 275 2 892 0
1 205 0 893 2 967 1
0 106 2 685 3 539 2
0 706 2 438 2 579 3
2 528 2 667 2 892 2
0 784 2 194 2 390 0
0 710 1 763 0 843 0
1 735 2 899 1 444 2
1 375 1 146 0 72 1
2 316 3 43 0 102 1
0 844 1 318 2 158 1
0 354 1 795 1 936 2
0 732 0 625 0 490 3
1 914 1 698 2 44 1
1 498 3 477 3 360 3
2 519 1 324 1 518 3
0 806 2 196 3 958 1
0 448 0 771 2 529 1
1 926 3 627 0 246 0
2 606 3 73 1 888 1
0 759 1 16 1 91 0
0 49 1 511 2 682 2
0 563 0 509 1 19 0
1 617 0 737 3 899 2
0 140 0 755 3 781 0
0 872 0 625 1 778 0
1 812 3 688 3 227 1
2 598 1 483 3 981 0
1 232 3 195 0 591 3
1 724 3 88 0 115 1
0 245 1 345 1 324 1
0 903 2 650 1 323 1
0 656 1 211 0 736 2
0 679 1 236 3 784 0
1 252 1 573 1 943 2
1 267 3 340 3 589 2
2 912 3 445 0 532 0
2 269 2 773 0 124 2
0 260 2 703 0 428 0
0 371 2 917 2 201 1
0 790 3 538 2 778 3
1 310 3 135 3 405 0
2 881 2 232 2 309 3
0 737 0 368 0 110 1
0 312 2 964 2 845 2
2 623 1 187 2 828 2
1 98 0 445 1 396 2
0 802 0 57 3 708 2
0 739 1 513 3 247 0
1 629 3 901 1 75 3
1 778 2 100 0 203 2
2 951 0 203 1 652 1
2 361 3 424 0 384 1
2 631 1 846 0 825 3
1 900 2 681 2 413 2
2 968 0 263 3 540 3
0 192 0 280 1 55 0
2 440 2 974 3 959 0
1 784 3 822 1 658 3
0 71 1 678 3 373 1
1 913 0 334 2 192 2
1 248 3 721 0 313 3
2 272 3 147 1 139 1
1 797 1 513 0 166 3
2 540 1 921 1 597 3
1 142 1 275 2 892 0
1 205 0 893 2 967 1
0 106 2 685 3 539 2
0 706 2 438 2 579 3
2 528 2 667 2 892 2
0 784 2 194 2 390 0
0 710 1 763 0 843 0
1 735 2 899 1 444 2
1 375 1 146 0 72 1
2 316 3 43 0 102 1
0 844 1 318 2 158 1
0 354 1 795 1 936 2
0 732 0 625 0 490 3
1 914 1 698 2 44 1
1 498 3 477 3 360 3
2 519 1 324 1 518 3
0 806 2 196 3 958 1
0 448 0 771 2 529 1
1 926 3 627 0 246 0
2 606 3 73 1 888 1
0 759 1 16 1 91 0
0 49 1 511 2 682 2
0 563 0 509 1 19 0
1 617 0 737 3 899 2
0 140 0 755 3 781 0
0 872 0 625 1 778 0
1 812 3 688 3 227 1
2 598 1 483 3 981 0
1 232 3 195 0 591 3
1 724 3 88 0 115 1
0 245 1 345 1 324 1
0 903 2 650 1 323 1
0 656 1 211 0 736 2
0 679 1 236 3 784 0
1 252 1 573 1 943 2
1 267 3 340 3 589 2
2 912 3 445 0 532 0
2 269 2 773 0 124 2
0 260 2 703 0 428 0
0 371 2 917 2 201 1
0 790 3 538 2 778 3
1 310 3 135 3 405 0
2 881 2 232 2 309 3
0 737 0 368 0 110 1
0 312 2 964 2 845 2
2 623 1 187 2 828 2
0 862 0 285 3 681 0
1 351 3 90 2 294 1
1 632 1 295 2 834 3
2 666 2 691 1 212 1
0 49 3 557 2 332 0
2 623 2 729 2 343 3
0 224 2 433 2 77 2
2 456 2 793 0 787 3
1 98 0 445 1 396 2
0 802 0 57 3 708 2
0 739 1 513 3 247 0
1 629 3 901 1 75 3
1 778 2 100 0 203 2
2 951 0 203 1 652 1
2 361 3 424 0 384 1
2 631 1 846 0 825 3
1 900 2 681 2 413 2
2 968 0 263 3 540 3
0 192 0 280 1 55 0
2 440 2 974 3 959 0
1 784 3 822 1 658 3
0 71 1 678 3 373 1
1 913 0 334 2 192 2
1 248 3 721 0 313 3
2 272 3 147 1 139 1
1 797 1 513 0 166 3
2 540 1 921 1 597 3
1 142 1 275 2 892 0
1 205 0 893 2 967 1
0 106 2 685 3 539 2
0 706 2 438 2 579 3
2 528 2 667 2 892 2
0 784 2 194 2 390 0
0 710 1 763 0 843 0
1 735 2 899 1 444 2
1 375 1 146 0 72 1
2 316 3 43 0 102 1
0 844 1 318 2 158 1
0 354 1 795 1 936 2
0 732 0 625 0 490 3
1 914 1 698 2 44 1
1 498 3 477 3 360 3
2 519 1 324 1 518 3
0 806 2 196 3 958 1
0 448 0 771 2 529 1
1 926 3 627 0 246 0
2 606 3 73 1 888 1
0 759 1 16 1 91 0
0 49 1 511 2 682 2
0 563 0 509 1 19 0
1 617 0 737 3 899 2
0 140 0 755 3 781 0
0 872 0 625 1 778 0
1 812 3 688 3 227 1
2 598 1 483 3 981 0
1 232 3 195 0 591 3
1 724 3 88 0 115 1
0 245 1 345 1 324 1
0 903 2 650 1 323 1
0 656 1 211 0 736 2
0 679 1 236 3 784 0
1 252 1 573 1 943 2
1 267 3 340 3 589 2
2 912 3 445 0 532 0
2 269 2 773 0 124 2
0 260 2 703 0 428 0
0 371 2 917 2 201 1
0 790 3 538 2 778 3
1 310 3 135 3 405 0
2 881 2 232 2 309 3
0 737 0 368 0 110 1
0 312 2 964 2 845 2
2 623 1 187 2 828 2
1 356 3 23 0 626 2
1 98 0 445 1 396 2
0 802 0 57 3 708 2
0 739 1 513 3 247 0
1 629 3 901 1 75 3
1 778 2 100 0 203 2
2 951 0 203 1 652 1
2 361 3 424 0 384 1
2 631 1 846 0 825 3
1 900 2 681 2 413 2
2 968 0 263 3 540 3
0 192 0 280 1 55 0
2 440 2 974 3 959 0
1 784 3 822 1 658 3
0 71 1 678 3 373 1
1 913 0 334 2 192 2
1 248 3 721 0 313 3
2 272 3 147 1 139 1
1 797 1 513 0 166 3
2 540 1 921 1 597 3
1 142 1 275 2 892 0
1 205 0 893 2 967 1
0 106 2 685 3 539 2
0 706 2 438 2 579 3
2 528 2 667 2 892 2
0 784 2 194 2 390 0
0 710 1 763 0 843 0
1 735 2 899 1 444 2
1 375 1 146 0 72 1
2 316 3 43 0 102 1
0 844 1 318 2 158 1
0 354 1 795 1 936 2
0 732 0 625 0 490 3
1 914 1 698 2 44 1
1 498 3 477 3 360 3
2 519 1 324 1 518 3
0 806 2 196 3 958 1
0 448 0 771 2 529 1
1 926 3 627 0 246 0
2 606 3 73 1 888 1
0 759 1 16 1 91 0
0 49 1 511 2 682 2
0 563 0 509 1 19 0
1 617 0 737 3 899 2
0 140 0 755 3 781 0
0 872 0 625 1 778 0
1 812 3 688 3 227 1
2 598 1 483 3 981 0
1 232 3 195 0 591 3
1 724 3 88 0 115 1
0 245 1 345 1 324 1
0 903 2 650 1 323 1
0 656 1 211 0 736 2
0 679 1 236 3 784 0
1 252 1 573 1 943 2
1 267 3 340 3 589 2
2 912 3 445 0 532 0
2 269 2 773 0 124 2
0 260 2 703 0 428 0
0 371 2 917 2 201 1
0 790 3 538 2 778 3
1 310 3 135 3 405 0
2 881 2 232 2 309 3
0 737 0 368 0 110 1
0 312 2 964 2 845 2
2 623 1 187 2 828 2
0 82 3 47 1 94 0
1 98 0 445 1 396 2
0 802 0 57 3 708 2
0 739 1 513 3 247 0
1 629 3 901 1 75 3
1 778 2 100 0 203 2
2 951 0 203 1 652 1
2 361 3 424 0 384 1
2 631 1 846 0 825 3
1 900 2 681 2 413 2
2 968 0 263 3 540 3
0 192 0 280 1 55 0
2 440 2 974 3 959 0
1 784 3 822 1 658 3
0 71 1 678 3 373 1
1 913 0 334 2 192 2
1 248 3 721 0 313 3
2 272 3 147 1 139 1
1 797 1 513 0 166 3
2 540 1 921 1 597 3
1 142 1 275 2 892 0
1 205 0 893 2 967 1
0 106 2 685 3 539 2
0 706 2 438 2 579 3
2 528 2 667 2 892 2
0 784 2 194 2 390 0
0 710 1 763 0 843 0
1 735 2 899 1 444 2
1 375 1 146 0 72 1
2 316 3 43 0 102 1
0 844 1 318 2 158 1
0 354 1 795 1 936 2
0 732 0 625 0 490 3
1 914 1 698 2 44 1
1 498 3 477 3 360 3
2 519 1 324 1 518 3
0 806 2 196 3 958 1
0 448 0 771 2 529 1
1 926 3 627 0 246 0
2 606 3 73 1 888 1
0 759 1 16 1 91 0
0 49 1 511 2 682 2
0 563 0 509 1 19 0
1 617 0 737 3 899 2
0 140 0 755 3 781 0
0 872 0 625 1 778 0
1 812 3 688 3 227 1
2 598 1 483 3 981 0
1 232 3 195 0 591 3
1 724 3 88 0 115 1
0 245 1 345 1 324 1
0 903 2 650 1 323 1
0 656 1 211 0 736 2
0 679 1 236 3 784 0
1 252 1 573 1 943 2
1 267 3 340 3 589 2
2 912 3 445 0 532 0
2 269 2 773 0 124 2
0 260 2 703 0 428 0
0 371 2 917 2 201 1
0 790 3 538 2 778 3
1 310 3 135 3 405 0
2 881 2 232 2 309 3
0 737 0 368 0 110 1
0 312 2 964 2 845 2
2 623 1 187 2 828 2
1 101 2 778 1 990 0
1 98 0 445 1 396 2
0 802 0 57 3 708 2
0 739 1 513 3 247 0
1 629 3 901 1 75 3
1 778 2 100 0 203 2
2 951 0 203 1 652 1
2 361 3 424 0 384 1
2 631 1 846 0 825 3
1 900 2 681 2 413 2
2 968 0 263 3 540 3
0 192 0 280 1 55 0
2 440 2 974 3 959 0
1 784 3 822 1 658 3
0 71 1 678 3 373 1
1 913 0 334 2 192 2
1 248 3 721 0 313 3
2 272 3 147 1 139 1
1 797 1 513 0 166 3
2 540 1 921 1 597 3
1 142 1 275 2 892 0
1 205 0 893 2 967 1
0 106 2 685 3 539 2
0 706 2 438 2 579 3
2 528 2 667 2 892 2
0 784 2 194 2 390 0
0 710 1 763 0 843 0
1 735 2 899 1 444 2
1 375 1 146 0 72 1
2 316 3 43 0 102 1
0 844 1 318 2 158 1
0 354 1 795 1 936 2
0 732 0 625 0 490 3
1 914 1 698 2 44 1
1 498 3 477 3 360 3
2 519 1 324 1 518 3
0 806 2 196 3 958 1
0 448 0 771 2 529 1
1 926 3 627 0 246 0
2 606 3 73 1 888 1
0 759 1 16 1 91 0
0 49 1 511 2 682 2
0 563 0 509 1 19 0
1 617 0 737 3 899 2
0 140 0 755 3 781 0
0 872 0 625 1 778 0
1 812 3 688 3 227 1
2 598 1 483 3 981 0
1 232 3 195 0 591 3
1 724 3 88 0 115 1
0 245 1 345 1 324 1
0 903 2 650 1 323 1
0 656 1 211 0 736 2
0 679 1 236 3 784 0
1 252 1 573 1 943 2
1 267 3 340 3 589 2
2 912 3 445 0 532 0
2 269 2 773 0 124 2
0 260 2 703 0 428 0
0 371 2 917 2 201 1
0 790 3 538 2 778 3
1 310 3 135 3 405 0
2 881 2 232 2 309 3
0 737 0 368 0 110 1
0 312 2 964 2 845 2
2 623 1 187 2 828 2
2 942 2 244 1 166 3
1 98 0 445 1 396 2
0 802 0 57 3 708 2
0 739 1 513 3 247 0
1 629 3 901 1 75 3
1 778 2 100 0 203 2
2 951 0 203 1 652 1
2 361 3 424 0 384 1
2 631 1 846 0 825 3
1 900 2 681 2 413 2
2 968 0 263 3 540 3
0 192 0 280 1 55 0
2 440 2 974 3 959 0
1 784 3 822 1 658 3
0 71 1 678 3 373 1
1 913 0 334 2 192 2
1 248 3 721 0 313 3
2 272 3 147 1 139 1
1 797 1 513 0 166 3
2 540 1 921 1 597 3
1 142 1 275 2 892 0
1 205 0 893 2 967 1
0 106 2 685 3 539 2
0 706 2 438 2 579 3
2 528 2 667 2 892 2
0 784 2 194 2 390 0
0 710 1 763 0 843 0
1 735 2 899 1 444 2
1 375 1 146 0 72 1
2 316 3 43 0 102 1
0 844 1 318 2 158 1
0 354 1 795 1 936 2
0 732 0 625 0 490 3
1 914 1 698 2 44 1
1 498 3 477 3 360 3
2 519 1 324 1 518 3
0 806 2 196 3 958 1
0 448 0 771 2 529 1
1 926 3 627 0 246 0
2 606 3 73 1 888 1
0 759 1 16 1 91 0
0 49 1 511 2 682 2
0 563 0 509 1 19 0
1 617 0 737 3 899 2
0 140 0 755 3 781 0
0 872 0 625 1 778 0
1 812 3 688 3 227 1
2 598 1 483 3 981 0
1 232 3 195 0 591 3
1 724 3 88 0 115 1
0 245 1 345 1 324 1
0 903 2 650 1 323 1
0 656 1 211 0 736 2
0 679 1 236 3 784 0
1 252 1 573 1 943 2
1 267 3 340 3 589 2
2 912 3 445 0 532 0
2 269 2 773 0 124 2
0 260 2 703 0 428 0
0 371 2 917 2 201 1
0 790 3 538 2 778 3
1 310 3 135 3 405 0
2 881 2 232 2 309 3
0 737 0 368 0 110 1
0 312 2 964 2 845 2
2 623 1 187 2 828 2
1 714 3 918 2 601 2
1 98 0 445 1 396 2
0 802 0 57 3 708 2
0 739 1 513 3 247 0
1 629 3 901 1 75 3
1 778 2 100 0 203 2
2 951 0 203 1 652 1
2 361 3 424 0 384 1
2 631 1 846 0 825 3
1 900 2 681 2 413 2
2 968 0 263 3 540 3
0 192 0 280 1 55 0
2 440 2 974 3 959 0
1 784 3 822 1 658 3
0 71 1 678 3 373 1
1 913 0 334 2 192 2
1 248 3 721 0 313 3
2 272 3 147 1 139 1
1 797 1 513 0 166 3
2 540 1 921 1 597 3
1 142 1 275 2 892 0
1 205 0 893 2 967 1
0 106 2 685 3 539 2
0 706 2 438 2 579 3
2 528 2 667 2 892 2
0 784 2 194 2 390 0
0 710 1 763 0 843 0
1 735 2 899 1 444 2
1 375 1 146 0 72 1
2 316 3 43 0 102 1
0 844 1 318 2 158 1
0 354 1 795 1 936 2
0 732 0 625 0 490 3
1 914 1 698 2 44 1
1 498 3 477 3 360 3
2 519 1 324 1 518 3
0 806 2 196 3 958 1
0 448 0 771 2 529 1
1 926 3 627 0 246 0
2 606 3 73 1 888 1
0 759 1 16 1 91 0
0 49 1 511 2 682 2
0 563 0 509 1 19 0
1 617 0 737 3 899 2
0 140 0 755 3 781 0
0 872 0 625 1 778 0
1 812 3 688 3 227 1
2 598 1 483 3 981 0
1 232 3 195 0 591 3
1 724 3 88 0 115 1
0 245 1 345 1 324 1
0 903 2 650 1 323 1
0 656 1 211 0 736 2
0 679 1 236 3 784 0
1 252 1 573 1 943 2
1 267 3 340 3 589 2
2 912 3 445 0 532 0
2 269 2 773 0 124 2
0 260 2 703 0 428 0
0 371 2 917 2 201 1
0 790 3 538 2 778 3
1 310 3 135 3 405 0
2 881 2 232 2 309 3
0 737 0 368 0 110 1
0 312 2 964 2 845 2
2 623 1 187 2 828 2
1 98 0 445 1 396 2
0 802 0 57 3 708 2
0 739 1 513 3 247 0
1 629 3 901 1 75 3
1 778 2 100 0 203 2
2 951 0 203 1 652 1
2 361 3 424 0 384 1
2 631 1 846 0 825 3
1 900 2 681 2 413 2
2 968 0 263 3 540 3
0 192 0 280 1 55 0
2 440 2 974 3 959 0
1 784 3 822 1 658 3
0 71 1 678 3 373 1
1 913 0 334 2 192 2
1 248 3 721 0 313 3
2 272 3 147 1 139 1
1 797 1 513 0 166 3
2 540 1 921 1 597 3
1 142 1 275 2 892 0
1 205 0 893 2 967 1
0 106 2 685 3 539 2
0 706 2 438 2 579 3
2 528 2 667 2 892 2
0 784 2 194 2 390 0
0 710 1 763 0 843 0
1 735 2 899 1 444 2
1 375 1 146 0 72 1
2 316 3 43 0 102 1
0 844 1 318 2 158 1
0 354 1 795 1 936 2
0 732 0 625 0 490 3
1 914 1 698 2 44 1
1 498 3 477 3 360 3
2 519 1 324 1 518 3
0 806 2 196 3 958 1
0 448 0 771 2 529 1
1 926 3 627 0 246 0
2 606 3 73 1 888 1
0 759 1 16 1 91 0
0 49 1 511 2 682 2
0 563 0 509 1 19 0
1 617 0 737 3 899 2
0 140 0 755 3 781 0
0 872 0 625 1 778 0
1 812 3 688 3 227 1
2 598 1 483 3 981 0
1 232 3 195 0 591 3
1 724 3 88 0 115 1
0 245 1 345 1 324 1
0 903 2 650 1 323 1
0 656 1 211 0 736 2
0 679 1 236 3 784 0
1 252 1 573 1 943 2
1 267 3 340 3 589 2
2 912 3 445 0 532 0
2 269 2 773 0 124 2
0 260 2 703 0 428 0
0 371 2 917 2 201 1
0 790 3 538 2 778 3
1 310 3 135 3 405 0
2 881 2 232 2 309 3
0 737 0 368 0 110 1
0 312 2 964 2 845 2
2 623 1 187 2 828 2
1 98 0 445 1 396 2
0 802 0 57 3 708 2
0 739 1 513 3 247 0
1 629 3 901 1 75 3
1 778 2 100 0 203 2
2 951 0 203 1 652 1
2 361 3 424 0 384 1
2 631 1 846 0 825 3
1 900 2 681 2 413 2
2 968 0 263 3 540 3
0 192 0 280 1 55 0
2 440 2 974 3 959 0
1 784 3 822 1 658 3
0 71 1 678 3 373 1
1 913 0 334 2 192 2
1 248 3 721 0 313 3
2 272 3 147 1 139 1
1 797 1 513 0 166 3
2 540 1 921 1 597 3
1 142 1 275 2 892 0
1 205 0 893 2 967 1
0 106 2 685 3 539 2
0 706 2 438 2 579 3
2 528 2 667 2 892 2
0 784 2 194 2 390 0
0 710 1 763 0 843 0
1 735 2 899 1 444 2
1 375 1 146 0 72 1
2 316 3 43 0 102 1
0 844 1 318 2 158 1
0 354 1 795 1 936 2
0 732 0 625 0 490 3
1 914 1 698 2 44 1
1 498 3 477 3 360 3
2 519 1 324 1 518 3
0 806 2 196 3 958 1
0 448 0 771 2 529 1
1 926 3 627 0 246 0
2 606 3 73 1 888 1
0 759 1 16 1 91 0
0 49 1 511 2 682 2
0 563 0 509 1 19 0
1 617 0 737 3 899 2
0 140 0 755 3 781 0
0 872 0 625 1 778 0
1 812 3 688 3 227 1
2 598 1 483 3 981 0
1 232 3 195 0 591 3
1 724 3 88 0 115 1
0 245 1 345 1 324 1
0 903 2 650 1 323 1
0 656 1 211 0 736 2
0 679 1 236 3 784 0
1 252 1 573 1 943 2
1 267 3 340 3 589 2
2 912 3 445 0 532 0
2 269 2 773 0 124 2
0 260 2 703 0 428 0
0 371 2 917 2 201 1
0 790 3 538 2 778 3
1 310 3 135 3 405 0
2 881 2 232 2 309 3
0 737 0 368 0 110 1
0 312 2 964 2 845 2
2 623 1 187 2 828 2
2 12 0 484 2 986 1
1 376 0 959 2 414 3
2 423 3 639 1 969 2
1 98 0 445 1 396 2
0 802 0 57 3 708 2
0 739 1 513 3 247 0
1 629 3 901 1 75 3
1 778 2 100 0 203 2
2 951 0 203 1 652 1
2 361 3 424 0 384 1
2 631 1 846 0 825 3
1 900 2 681 2 413 2
2 968 0 263 3 540 3
0 192 0 280 1 55 0
2 440 2 974 3 959 0
1 784 3 822 1 658 3
0 71 1 678 3 373 1
1 913 0 334 2 192 2
1 248 3 721 0 313 3
2 272 3 147 1 139 1
1 797 1 513 0 166 3
2 540 1 921 1 597 3
1 142 1 275 2 892 0
1 205 0 893 2 967 1
0 106 2 685 3 539 2
0 706 2 438 2 579 3
2 528 2 667 2 892 2
0 784 2 194 2 390 0
0 710 1 763 0 843 0
1 735 2 899 1 444 2
1 375 1 146 0 72 1
2 316 3 43 0 102 1
0 844 1 318 2 158 1
0 354 1 795 1 936 2
0 732 0 625 0 490 3
1 914 1 698 2 44 1
1 498 3 477 3 360 3
2 519 1 324 1 518 3
0 806 2 196 3 958 1
0 448 0 771 2 529 1
1 926 3 627 0 246 0
2 606 3 73 1 888 1
0 759 1 16 1 91 0
0 49 1 511 2 682 2
0 563 0 509 1 19 0
1 617 0 737 3 899 2
0 140 0 755 3 781 0
0 872 0 625 1 778 0
1 812 3 688 3 227 1
2 598 1 483 3 981 0
1 232 3 195 0 591 3
1 724 3 88 0 115 1
0 245 1 345 1 324 1
0 903 2 650 1 323 1
0 656 1 211 0 736 2
0 679 1 236 3 784 0
1 252 1 573 1 943 2
1 267 3 340 3 589 2
2 912 3 445 0 532 0
2 269 2 773 0 124 2
0 260 2 703 0 428 0
0 371 2 917 2 201 1
0 790 3 538 2 778 3
1 310 3 135 3 405 0
2 881 2 232 2 309 3
0 737 0 368 0 110 1
0 312 2 964 2 845 2
2 623 1 187 2 828 2
1 98 0 445 1 396 2
0 802 0 57 3 708 2
0 739 1 513 3 247 0
1 629 3 901 1 75 3
1 778 2 100 0 203 2
2 951 0 203 1 652 1
2 361 3 424 0 384 1
2 631 1 846 0 825 3
1 900 2 681 2 413 2
2 968 0 263 3 540 3
0 192 0 280 1 55 0
2 440 2 974 3 959 0
1 784 3 822 1 658 3
0 71 1 678 3 373 1
1 913 0 334 2 192 2
1 248 3 721 0 313 3
2 272 3 147 1 139 1
1 797 1 513 0 166 3
2 540 1 921 1 597 3
1 142 1 275 2 892 0
1 205 0 893 2 967 1
0 106 2 685 3 539 2
0 706 2 438 2 579 3
2 528 2 667 2 892 2
0 784 2 194 2 390 0
0 710 1 763 0 843 0
1 735 2 899 1 444 2
1 375 1 146 0 72 1
2 316 3 43 0 102 1
0 844 1 318 2 158 1
0 354 1 795 1 936 2
0 732 0 625 0 490 3
1 914 1 698 2 44 1
1 498 3 477 3 360 3
2 519 1 324 1 518 3
0 806 2 196 3 958 1
0 448 0 771 2 529 1
1 926 3 627 0 246 0
2 606 3 73 1 888 1
0 759 1 16 1 91 0
0 49 1 511 2 682 2
0 563 0 509 1 19 0
1 617 0 737 3 899 2
0 140 0 755 3 781 0
0 872 0 625 1 778 0
1 812 3 688 3 227 1
2 598 1 483 3 981 0
1 232 3 195 0 591 3
1 724 3 88 0 115 1
0 245 1 345 1 324 1
0 903 2 650 1 323 1
0 656 1 211 0 736 2
0 679 1 236 3 784 0
1 252 1 573 1 943 2
1 267 3 340 3 589 2
2 912 3 445 0 532 0
2 269 2 773 0 124 2
0 260 2 703 0 428 0
0 371 2 917 2 201 1
0 790 3 538 2 778 3
1 310 3 135 3 405 0
2 881 2 232 2 309 3
0 737 0 368 0 110 1
0 312 2 964 2 845 2
2 623 1 187 2 828 2
1 98 0 445 1 396 2
0 802 0 57 3 708 2
0 739 1 513 3 247 0
1 629 3 901 1 75 3
1 778 2 100 0 203 2
2 951 0 203 1 652 1
2 361 3 424 0 384 1
2 631 1 846 0 825 3
1 900 2 681 2 413 2
2 968 0 263 3 540 3
0 192 0 280 1 55 0
2 440 2 974 3 959 0
1 784 3 822 1 658 3
0 71 1 678 3 373 1
1 913 0 334 2 192 2
1 248 3 721 0 313 3
2 272 3 147 1 139 1
1 797 1 513 0 166 3
2 540 1 921 1 597 3
1 142 1 275 2 892 0
1 205 0 893 2 967 1
0 106 2 685 3 539 2
0 706 2 438 2 579 3
2 528 2 667 2 892 2
0 784 2 194 2 390 0
0 710 1 763 0 843 0
1 735 2 899 1 444 2
1 375 1 146 0 72 1
2 316 3 43 0 102 1
0 844 1 318 2 158 1
0 354 1 795 1 936 2
0 732 0 625 0 490 3
1 914 1 698 2 44 1
1 498 3 477 3 360 3
2 519 1 324 1 518 3
0 806 2 196 3 958 1
0 448 0 771 2 529 1
1 926 3 627 0 246 0
2 606 3 73 1 888 1
0 759 1 16 1 91 0
0 49 1 511 2 682 2
0 563 0 509 1 19 0
1 617 0 737 3 899 2
0 140 0 755 3 781 0
0 872 0 625 1 778 0
1 812 3 688 3 227 1
2 598 1 483 3 981 0
1 232 3 195 0 591 3
1 724 3 88 0 115 1
0 245 1 345 1 324 1
0 903 2 650 1 323 1
0 656 1 211 0 736 2
0 679 1 236 3 784 0
1 252 1 573 1 943 2
1 267 3 340 3 589 2
2 912 3 445 0 532 0
2 269 2 773 0 124 2
0 260 2 703 0 428 0
0 371 2 917 2 201 1
0 790 3 538 2 778 3
1 310 3 135 3 405 0
2 881 2 232 2 309 3
0 737 0 368 0 110 1
0 312 2 964 2 845 2
2 623 1 187 2 828 2
2 766 2 252 0 74 0
1 98 0 445 1 396 2
0 802 0 57 3 708 2
0 739 1 513 3 247 0
1 629 3 901 1 75 3
1 778 2 100 0 203 2
2 951 0 203 1 652 1
2 361 3 424 0 384 1
2 631 1 846 0 825 3
1 900 2 681 2 413 2
2 968 0 263 3 540 3
0 192 0 280 1 55 0
2 440 2 974 3 959 0
1 784 3 822 1 658 3
0 71 1 678 3 373 1
1 913 0 334 2 192 2
1 248 3 721 0 313 3
2 272 3 147 1 139 1
1 797 1 513 0 166 3
2 540 1 921 1 597 3
1 142 1 275 2 892 0
1 205 0 893 2 967 1
0 106 2 685 3 539 2
0 706 2 438 2 579 3
2 528 2 667 2 892 2
0 784 2 194 2 390 0
0 710 1 763 0 843 0
1 735 2 899 1 444 2
1 375 1 146 0 72 1
2 316 3 43 0 102 1
0 844 1 318 2 158 1
0 354 1 795 1 936 2
0 732 0 625 0 490 3
1 914 1 698 2 44 1
1 498 3 477 3 360 3
2 519 1 324 1 518 3
0 806 2 196 3 958 1
0 448 0 771 2 529 1
1 926 3 627 0 246 0
2 606 3 73 1 888 1
0 759 1 16 1 91 0
0 49 1 511 2 682 2
0 563 0 509 1 19 0
1 617 0 737 3 899 2
0 140 0 755 3 781 0
0 872 0 625 1 778 0
1 812 3 688 3 227 1
2 598 1 483 3 981 0
1 232 3 195 0 591 3
1 724 3 88 0 115 1
0 245 1 345 1 324 1
0 903 2 650 1 323 1
0 656 1 211 0 736 2
0 679 1 236 3 784 0
1 252 1 573 1 943 2
1 267 3 340 3 589 2
2 912 3 445 0 532 0
2 269 2 773 0 124 2
0 260 2 703 0 428 0
0 371 2 917 2 201 1
0 790 3 538 2 778 3
1 310 3 135 3 405 0
2 881 2 232 2 309 3
0 737 0 368 0 110 1
0 312 2 964 2 845 2
2 623 1 187 2 828 2
2 666 2 54 2 818 1
1 920 3 868 3 566 0
1 98 0 445 1 396 2
0 802 0 57 3 708 2
0 739 1 513 3 247 0
1 629 3 901 1 75 3
1 778 2 100 0 203 2
2 951 0 203 1 652 1
2 361 3 424 0 384 1
2 631 1 846 0 825 3
1 900 2 681 2 413 2
2 968 0 263 3 540 3
0 192 0 280 1 55 0
2 440 2 974 3 959 0
1 784 3 822 1 658 3
0 71 1 678 3 373 1
1 913 0 334 2 192 2
1 248 3 721 0 313 3
2 272 3 147 1 139 1
1 797 1 513 0 166 3
2 540 1 921 1 597 3
1 142 1 275 2 892 0
1 205 0 893 2 967 1
0 106 2 685 3 539 2
0 706 2 438 2 579 3
2 528 2 667 2 892 2
0 784 2 194 2 390 0
0 710 1 763 0 843 0
1 735 2 899 1 444 2
1 375 1 146 0 72 1
2 316 3 43 0 102 1
0 844 1 318 2 158 1
0 354 1 795 1 936 2
0 732 0 625 0 490 3
1 914 1 698 2 44 1
1 498 3 477 3 360 3
2 519 1 324 1 518 3
0 806 2 196 3 958 1
0 448 0 771 2 529 1
1 926 3 627 0 246 0
2 606 3 73 1 888 1
0 759 1 16 1 91 0
0 49 1 511 2 682 2
0 563 0 509 1 19 0
1 617 0 737 3 899 2
0 140 0 755 3 781 0
0 872 0 625 1 778 0
1 812 3 688 3 227 1
2 598 1 483 3 981 0
1 232 3 195 0 591 3
1 724 3 88 0 115 1
0 245 1 345 1 324 1
0 903 2 650 1 323 1
0 656 1 211 0 736 2
0 679 1 236 3 784 0
1 252 1 573 1 943 2
1 267 3 340 3 589 2
2 912 3 445 0 532 0
2 269 2 773 0 124 2
0 260 2 703 0 428 0
0 371 2 917 2 201 1
0 790 3 538 2 778 3
1 310 3 135 3 405 0
2 881 2 232 2 309 3
0 737 0 368 0 110 1
0 312 2 964 2 845 2
2 623 1 187 2 828 2
1 98 0 445 1 396 2
0 802 0 57 3 708 2
0 739 1 513 3 247 0
1 629 3 901 1 75 3
1 778 2 100 0 203 2
2 951 0 203 1 652 1
2 361 3 424 0 384 1
2 631 1 846 0 825 3
1 900 2 681 2 413 2
2 968 0 263 3 540 3
0 192 0 280 1 55 0
2 440 2 974 3 959 0
1 784 3 822 1 658 3
0 71 1 678 3 373 1
1 913 0 334 2 192 2
1 248 3 721 0 313 3
2 272 3 147 1 139 1
1 797 1 513 0 166 3
2 540 1 921 1 597 3
1 142 1 275 2 892 0
1 205 0 893 2 967 1
0 106 2 685 3 539 2
0 706 2 438 2 579 3
2 528 2 667 2 892 2
0 784 2 194 2 390 0
0 710 1 763 0 843 0
1 735 2 899 1 444 2
1 375 1 146 0 72 1
2 316 3 43 0 102 1
0 844 1 318 2 158 1
0 354 1 795 1 936 2
0 732 0 625 0 490 3
1 914 1 698 2 44 1
1 498 3 477 3 360 3
2 519 1 324 1 518 3
0 806 2 196 3 958 1
0 448 0 771 2 529 1
1 926 3 627 0 246 0
2 606 3 73 1 888 1
0 759 1 16 1 91 0
0 49 1 511 2 682 2
0 563 0 509 1 19 0
1 617 0 737 3 899 2
0 140 0 755 3 781 0
0 872 0 625 1 778 0
1 812 3 688 3 227 1
2 598 1 483 3 981 0
1 232 3 195 0 591 3
1 724 3 88 0 115 1
0 245 1 345 1 324 1
0 903 2 650 1 323 1
0 656 1 211 0 736 2
0 679 1 236 3 784 0
1 252 1 573 1 943 2
1 267 3 340 3 589 2
2 912 3 445 0 532 0
2 269 2 773 0 124 2
0 260 2 703 0 428 0
0 371 2 917 2 201 1
0 790 3 538 2 778 3
1 310 3 135 3 405 0
2 881 2 232 2 309 3
0 737 0 368 0 110 1
0 312 2 964 2 845 2
2 623 1 187 2 828 2
0 359 2 785 1 192 3
0 626 2 973 3 301 3
0 33 3 72 1 271 0
1 40 2 999 0 509 2
1 98 0 445 1 396 2
0 802 0 57 3 708 2
0 739 1 513 3 247 0
1 629 3 901 1 75 3
1 778 2 100 0 203 2
2 951 0 203 1 652 1
2 361 3 424 0 384 1
2 631 1 846 0 825 3
1 900 2 681 2 413 2
2 968 0 263 3 540 3
0 192 0 280 1 55 0
2 440 2 974 3 959 0
1 784 3 822 1 658 3
0 71 1 678 3 373 1
1 913 0 334 2 192 2
1 248 3 721 0 313 3
2 272 3 147 1 139 1
1 797 1 513 0 166 3
2 540 1 921 1 597 3
1 142 1 275 2 892 0
1 205 0 893 2 967 1
0 106 2 685 3 539 2
0 706 2 438 2 579 3
2 528 2 667 2 892 2
0 784 2 194 2 390 0
0 710 1 763 0 843 0
1 735 2 899 1 444 2
1 375 1 146 0 72 1
2 316 3 43 0 102 1
0 844 1 318 2 158 1
0 354 1 795 1 936 2
0 732 0 625 0 490 3
1 914 1 698 2 44 1
1 498 3 477 3 360 3
2 519 1 324 1 518 3
0 806 2 196 3 958 1
0 448 0 771 2 529 1
1 926 3 627 0 246 0
2 606 3 73 1 888 1
0 759 1 16 1 91 0
0 49 1 511 2 682 2
0 563 0 509 1 19 0
1 617 0 737 3 899 2
0 140 0 755 3 781 0
0 872 0 625 1 778 0
1 812 3 688 3 227 1
2 598 1 483 3 981 0
1 232 3 195 0 591 3
1 724 3 88 0 115 1
0 245 1 345 1 324 1
0 903 2 650 1 323 1
0 656 1 211 0 736 2
0 679 1 236 3 784 0
1 252 1 573 1 943 2
1 267 3 340 3 589 2
2 912 3 445 0 532 0
2 269 2 773 0 124 2
0 260 2 703 0 428 0
0 371 2 917 2 201 1
0 790 3 538 2 778 3
1 310 3 135 3 405 0
2 881 2 232 2 309 3
0 737 0 368 0 110 1
0 312 2 964 2 845 2
2 623 1 187 2 828 2
1 98 0 445 1 396 2
0 802 0 57 3 708 2
0 739 1 513 3 247 0
1 629 3 901 1 75 3
1 778 2 100 0 203 2
2 951 0 203 1 652 1
2 361 3 424 0 384 1
2 631 1 846 0 825 3
1 900 2 681 2 413 2
2 968 0 263 3 540 3
0 192 0 280 1 55 0
2 440 2 974 3 959 0
1 784 3 822 1 658 3
0 71 1 678 3 373 1
1 913 0 334 2 192 2
1 248 3 721 0 313 3
2 272 3 147 1 139 1
1 797 1 513 0 166 3
2 540 1 921 1 597 3
1 142 1 275 2 892 0
1 205 0 893 2 967 1
0 106 2 685 3 539 2
0 706 2 438 2 579 3
2 528 2 667 2 892 2
0 784 2 194 2 390 0
0 710 1 763 0 843 0
1 735 2 899 1 444 2
1 375 1 146 0 72 1
2 316 3 43 0 102 1
0 844 1 318 2 158 1
0 354 1 795 1 936 2
0 732 0 625 0 490 3
1 914 1 698 2 44 1
1 498 3 477 3 360 3
2 519 1 324 1 518 3
0 806 2 196 3 958 1
0 448 0 771 2 529 1
1 926 3 627 0 246 0
2 606 3 73 1 888 1
0 759 1 16 1 91 0
0 49 1 511 2 682 2
0 563 0 509 1 19 0
1 617 0 737 3 899 2
0 140 0 755 3 781 0
0 872 0 625 1 778 0
1 812 3 688 3 227 1
2 598 1 483 3 981 0
1 232 3 195 0 591 3
1 724 3 88 0 115 1
0 245 1 345 1 324 1
0 903 2 650 1 323 1
0 656 1 211 0 736 2
0 679 1 236 3 784 0
1 252 1 573 1 943 2
1 267 3 340 3 589 2
2 912 3 445 0 532 0
2 269 2 773 0 124 2
0 260 2 703 0 428 0
0 371 2 917 2 201 1
0 790 3 538 2 778 3
1 310 3 135 3 405 0
2 881 2 232 2 309 3
0 737 0 368 0 110 1
0 312 2 964 2 845 2
2 623 1 187 2 828 2
1 98 0 445 1 396 2
0 802 0 57 3 708 2
0 739 1 513 3 247 0
1 629 3 901 1 75 3
1 778 2 100 0 203 2
2 951 0 203 1 652 1
2 361 3 424 0 384 1
2 631 1 846 0 825 3
1 900 2 681 2 413 2
2 968 0 263 3 540 3
0 192 0 280 1 55 0
2 440 2 974 3 959 0
1 784 3 822 1 658 3
0 71 1 678 3 373 1
1 913 0 334 2 192 2
1 248 3 721 0 313 3
2 272 3 147 1 139 1
1 797 1 513 0 166 3
2 540 1 921 1 597 3
1 142 1 275 2 892 0
1 205 0 893 2 967 1
0 106 2 685 3 539 2
0 706 2 438 2 579 3
2 528 2 667 2 892 2
0 784 2 194 2 390 0
0 710 1 763 0 843 0
1 735 2 899 1 444 2
1 375 1 146 0 72 1
2 316 3 43 0 102 1
0 844 1 318 2 158 1
0 354 1 795 1 936 2
0 732 0 625 0 490 3
1 914 1 698 2 44 1
1 498 3 477 3 360 3
2 519 1 324 1 518 3
0 806 2 196 3 958 1
0 448 0 771 2 529 1
1 926 3 627 0 246 0
2 606 3 73 1 888 1
0 759 1 16 1 91 0
0 49 1 511 2 682 2
0 563 0 509 1 19 0
1 617 0 737 3 899 2
0 140 0 755 3 781 0
0 872 0 625 1 778 0
1 812 3 688 3 227 1
2 598 1 483 3 981 0
1 232 3 195 0 591 3
1 724 3 88 0 115 1
0 245 1 345 1 324 1
0 903 2 650 1 323 1
0 656 1 211 0 736 2
0 679 1 236 3 784 0
1 252 1 573 1 943 2
1 267 3 340 3 589 2
2 912 3 445 0 532 0
2 269 2 773 0 124 2
0 260 2 703 0 428 0
0 371 2 917 2 201 1
0 790 3 538 2 778 3
1 310 3 135 3 405 0
2 881 2 232 2 309 3
0 737 0 368 0 110 1
0 312 2 964 2 845 2
2 623 1 187 2 828 2
0 636 1 52 0 879 2
1 98 0 445 1 396 2
0 802 0 57 3 708 2
0 739 1 513 3 247 0
1 629 3 901 1 75 3
1 778 2 100 0 203 2
2 951 0 203 1 652 1
2 361 3 424 0 384 1
2 631 1 846 0 825 3
1 900 2 681 2 413 2
2 968 0 263 3 540 3
0 192 0 280 1 55 0
2 440 2 974 3 959 0
1 784 3 822 1 658 3
0 71 1 678 3 373 1
1 913 0 334 2 192 2
1 248 3 721 0 313 3
2 272 3 147 1 139 1
1 797 1 513 0 166 3
2 540 1 921 1 597 3
1 142 1 275 2 892 0
1 205 0 893 2 967 1
0 106 2 685 3 539 2
0 706 2 438 2 579 3
2 528 2 667 2 892 2
0 784 2 194 2 390 0
0 710 1 763 0 843 0
1 735 2 899 1 444 2
1 375 1 146 0 72 1
2 316 3 43 0 102 1
0 844 1 318 2 158 1
0 354 1 795 1 936 2
0 732 0 625 0 490 3
1 914 1 698 2 44 1
1 498 3 477 3 360 3
2 519 1 324 1 518 3
0 806 2 196 3 958 1
0 448 0 771 2 529 1
1 926 3 627 0 246 0
2 606 3 73 1 888 1
0 759 1 16 1 91 0
0 49 1 511 2 682 2
0 563 0 509 1 19 0
1 617 0 737 3 899 2
0 140 0 755 3 781 0
0 872 0 625 1 778 0
1 812 3 688 3 227 1
2 598 1 483 3 981 0
1 232 3 195 0 591 3
1 724 3 88 0 115 1
0 245 1 345 1 324 1
0 903 2 650 1 323 1
0 656 1 211 0 736 2
0 679 1 236 3 784 0
1 252 1 573 1 943 2
1 267 3 340 3 589 2
2 912 3 445 0 532 0
2 269 2 773 0 124 2
0 260 2 703 0 428 0
0 371 2 917 2 201 1
0 790 3 538 2 778 3
1 310 3 135 3 405 0
2 881 2 232 2 309 3
0 737 0 368 0 110 1
0 312 2 964 2 845 2
2 623 1 187 2 828 2
1 98 0 445 1 396 2
0 802 0 57 3 708 2
0 739 1 513 3 247 0
1 629 3 901 1 75 3
1 778 2 100 0 203 2
2 951 0 203 1 652 1
2 361 3 424 0 384 1
2 631 1 846 0 825 3
1 900 2 681 2 413 2
2 968 0 263 3 540 3
0 192 0 280 1 55 0
2 440 2 974 3 959 0
1 784 3 822 1 658 3
0 71 1 678 3 373 1
1 913 0 334 2 192 2
1 248 3 721 0 313 3
2 272 3 147 1 139 1
1 797 1 513 0 166 3
2 540 1 921 1 597 3
1 142 1 275 2 892 0
1 205 0 893 2 967 1
0 106 2 685 3 539 2
0 706 2 438 2 579 3
2 528 2 667 2 892 2
0 784 2 194 2 390 0
0 710 1 763 0 843 0
1 735 2 899 1 444 2
1 375 1 146 0 72 1
2 316 3 43 0 102 1
0 844 1 318 2 158 1
0 354 1 795 1 936 2
0 732 0 625 0 490 3
1 914 1 698 2 44 1
1 498 3 477 3 360 3
2 519 1 324 1 518 3
0 806 2 196 3 958 1
0 448 0 771 2 529 1
1 926 3 627 0 246 0
2 606 3 73 1 888 1
0 759 1 16 1 91 0
0 49 1 511 2 682 2
0 563 0 509 1 19 0
1 617 0 737 3 899 2
0 140 0 755 3 781 0
0 872 0 625 1 778 0
1 812 3 688 3 227 1
2 598 1 483 3 981 0
1 232 3 195 0 591 3
1 724 3 88 0 115 1
0 245 1 345 1 324 1
0 903 2 650 1 323 1
0 656 1 211 0 736 2
0 679 1 236 3 784 0
1 252 1 573 1 943 2
1 267 3 340 3 589 2
2 912 3 445 0 532 0
2 269 2 773 0 124 2
0 260 2 703 0 428 0
0 371 2 917 2 201 1
0 790 3 538 2 778 3
1 310 3 135 3 405 0
2 881 2 232 2 309 3
0 737 0 368 0 110 1
0 312 2 964 2 845 2
2 623 1 187 2 828 2
1 98 0 445 1 396 2
0 802 0 57 3 708 2
0 739 1 513 3 247 0
1 629 3 901 1 75 3
1 778 2 100 0 203 2
2 951 0 203 1 652 1
2 361 3 424 0 384 1
2 631 1 846 0 825 3
1 900 2 681 2 413 2
2 968 0 263 3 540 3
0 192 0 280 1 55 0
2 440 2 974 3 959 0
1 784 3 822 1 658 3
0 71 1 678 3 373 1
1 913 0 334 2 192 2
1 248 3 721 0 313 3
2 272 3 147 1 139 1
1 797 1 513 0 166 3
2 540 1 921 1 597 3
1 142 1 275 2 892 0
1 205 0 893 2 967 1
0 106 2 685 3 539 2
0 706 2 438 2 579 3
2 528 2 667 2 892 2
0 784 2 194 2 390 0
0 710 1 763 0 843 0
1 735 2 899 1 444 2
1 375 1 146 0 72 1
2 316 3 43 0 102 1
0 844 1 318 2 158 1
0 354 1 795 1 936 2
0 732 0 625 0 490 3
1 914 1 698 2 44 1
1 498 3 477 3 360 3
2 519 1 324 1 518 3
0 806 2 196 3 958 1
0 448 0 771 2 529 1
1 926 3 627 0 246 0
2 606 3 73 1 888 1
0 759 1 16 1 91 0
0 49 1 511 2 682 2
0 563 0 509 1 19 0
1 617 0 737 3 899 2
0 140 0 755 3 781 0
0 872 0 625 1 778 0
1 812 3 688 3 227 1
2 598 1 483 3 981 0
1 232 3 195 0 591 3
1 724 3 88 0 115 1
0 245 1 345 1 324 1
0 903 2 650 1 323 1
0 656 1 211 0 736 2
0 679 1 236 3 784 0
1 252 1 573 1 943 2
1 267 3 340 3 589 2
2 912 3 445 0 532 0
2 269 2 773 0 124 2
0 260 2 703 0 428 0
0 371 2 917 2 201 1
0 790 3 538 2 778 3
1 310 3 135 3 405 0
2 881 2 232 2 309 3
0 737 0 368 0 110 1
0 312 2 964 2 845 2
2 623 1 187 2 828 2
0 914 1 682 2 422 1
1 98 0 445 1 396 2
0 802 0 57 3 708 2
0 739 1 513 3 247 0
1 629 3 901 1 75 3
1 778 2 100 0 203 2
2 951 0 203 1 652 1
2 361 3 424 0 384 1
2 631 1 846 0 825 3
1 900 2 681 2 413 2
2 968 0 263 3 540 3
0 192 0 280 1 55 0
2 440 2 974 3 959 0
1 784 3 822 1 658 3
0 71 1 678 3 373 1
1 913 0 334 2 192 2
1 248 3 721 0 313 3
2 272 3 147 1 139 1
1 797 1 513 0 166 3
2 540 1 921 1 597 3
1 142 1 275 2 892 0
1 205 0 893 2 967 1
0 106 2 685 3 539 2
0 706 2 438 2 579 3
2 528 2 667 2 892 2
0 784 2 194 2 390 0
0 710 1 763 0 843 0
1 735 2 899 1 444 2
1 375 1 146 0 72 1
2 316 3 43 0 102 1
0 844 1 318 2 158 1
0 354 1 795 1 936 2
0 732 0 625 0 490 3
1 914 1 698 2 44 1
1 498 3 477 3 360 3
2 519 1 324 1 518 3
0 806 2 196 3 958 1
0 448 0 771 2 529 1
1 926 3 627 0 246 0
2 606 3 73 1 888 1
0 759 1 16 1 91 0
0 49 1 511 2 682 2
0 563 0 509 1 19 0
1 617 0 737 3 899 2
0 140 0 755 3 781 0
0 872 0 625 1 778 0
1 812 3 688 3 227 1
2 598 1 483 3 981 0
1 232 3 195 0 591 3
1 724 3 88 0 115 1
0 245 1 345 1 324 1
0 903 2 650 1 323 1
0 656 1 211 0 736 2
0 679 1 236 3 784 0
1 252 1 573 1 943 2
1 267 3 340 3 589 2
2 912 3 445 0 532 0
2 269 2 773 0 124 2
0 260 2 703 0 428 0
0 371 2 917 2 201 1
0 790 3 538 2 778 3
1 310 3 135 3 405 0
2 881 2 232 2 309 3
0 737 0 368 0 110 1
0 312 2 964 2 845 2
2 623 1 187 2 828 2
1 370 0 444 3 314 2
1 98 0 445 1 396 2
0 802 0 57 3 708 2
0 739 1 513 3 247 0
1 629 3 901 1 75 3
1 778 2 100 0 203 2
2 951 0 203 1 652 1
2 361 3 424 0 384 1
2 631 1 846 0 825 3
1 900 2 681 2 413 2
2 968 0 263 3 540 3
0 192 0 280 1 55 0
2 440 2 974 3 959 0
1 784 3 822 1 658 3
0 71 1 678 3 373 1
1 913 0 334 2 192 2
1 248 3 721 0 313 3
2 272 3 147 1 139 1
1 797 1 513 0 166 3
2 540 1 921 1 597 3
1 142 1 275 2 892 0
1 205 0 893 2 967 1
0 106 2 685 3 539 2
0 706 2 438 2 579 3
2 528 2 667 2 892 2
0 784 2 194 2 390 0
0 710 1 763 0 843 0
1 735 2 899 1 444 2
1 375 1 146 0 72 1
2 316 3 43 0 102 1
0 844 1 318 2 158 1
0 354 1 795 1 936 2
0 732 0 625 0 490 3
1 914 1 698 2 44 1
1 498 3 477 3 360 3
2 519 1 324 1 518 3
0 806 2 196 3 958 1
0 448 0 771 2 529 1
1 926 3 627 0 246 0
2 606 3 73 1 888 1
0 759 1 16 1 91 0
0 49 1 511 2 682 2
0 563 0 509 1 19 0
1 617 0 737 3 899 2
0 140 0 755 3 781 0
0 872 0 625 1 778 0
1 812 3 688 3 227 1
2 598 1 483 3 981 0
1 232 3 195 0 591 3
1 724 3 88 0 115 1
0 245 1 345 1 324 1
0 903 2 650 1 323 1
0 656 1 211 0 736 2
0 679 1 236 3 784 0
1 252 1 573 1 943 2
1 267 3 340 3 589 2
2 912 3 445 0 532 0
2 269 2 773 0 124 2
0 260 2 703 0 428 0
0 371 2 917 2 201 1
0 790 3 538 2 778 3
1 310 3 135 3 405 0
2 881 2 232 2 309 3
0 737 0 368 0 110 1
0 312 2 964 2 845 2
2 623 1 187 2 828 2
1 401 1 542 3 949 3
1 98 0 445 1 396 2
0 802 0 57 3 708 2
0 739 1 513 3 247 0
1 629 3 901 1 75 3
1 778 2 100 0 203 2
2 951 0 203 1 652 1
2 361 3 424 0 384 1
2 631 1 846 0 825 3
1 900 2 681 2 413 2
2 968 0 263 3 540 3
0 192 0 280 1 55 0
2 440 2 974 3 959 0
1 784 3 822 1 658 3
0 71 1 678 3 373 1
1 913 0 334 2 192 2
1 248 3 721 0 313 3
2 272 3 147 1 139 1
1 797 1 513 0 166 3
2 540 1 921 1 597 3
1 142 1 275 2 892 0
1 205 0 893 2 967 1
0 106 2 685 3 539 2
0 706 2 438 2 579 3
2 528 2 667 2 892 2
0 784 2 194 2 390 0
0 710 1 763 0 843 0
1 735 2 899 1 444 2
1 375 1 146 0 72 1
2 316 3 43 0 102 1
0 844 1 318 2 158 1
0 354 1 795 1 936 2
0 732 0 625 0 490 3
1 914 1 698 2 44 1
1 498 3 477 3 360 3
2 519 1 324 1 518 3
0 806 2 196 3 958 1
0 448 0 771 2 529 1
1 926 3 627 0 246 0
2 606 3 73 1 888 1
0 759 1 16 1 91 0
0 49 1 511 2 682 2
0 563 0 509 1 19 0
1 617 0 737 3 899 2
0 140 0 755 3 781 0
0 872 0 625 1 778 0
1 812 3 688 3 227 1
2 598 1 483 3 981 0
1 232 3 195 0 591 3
1 724 3 88 0 115 1
0 245 1 345 1 324 1
0 903 2 650 1 323 1
0 656 1 211 0 736 2
0 679 1 236 3 784 0
1 252 1 573 1 943 2
1 267 3 340 3 589 2
2 912 3 445 0 532 0
2 269 2 773 0 124 2
0 260 2 703 0 428 0
0 371 2 917 2 201 1
0 790 3 538 2 778 3
1 310 3 135 3 405 0
2 881 2 232 2 309 3
0 737 0 368 0 110 1
0 312 2 964 2 845 2
2 623 1 187 2 828 2
1 717 2 817 0 328 2
1 98 0 445 1 396 2
0 802 0 57 3 708 2
0 739 1 513 3 247 0
1 629 3 901 1 75 3
1 778 2 100 0 203 2
2 951 0 203 1 652 1
2 361 3 424 0 384 1
2 631 1 846 0 825 3
1 900 2 681 2 413 2
2 968 0 263 3 540 3
0 192 0 280 1 55 0
2 440 2 974 3 959 0
1 784 3 822 1 658 3
0 71 1 678 3 373 1
1 913 0 334 2 192 2
1 248 3 721 0 313 3
2 272 3 147 1 139 1
1 797 1 513 0 166 3
2 540 1 921 1 597 3
1 142 1 275 2 892 0
1 205 0 893 2 967 1
0 106 2 685 3 539 2
0 706 2 438 2 579 3
2 528 2 667 2 892 2
0 784 2 194 2 390 0
0 710 1 763 0 843 0
1 735 2 899 1 444 2
1 375 1 146 0 72 1
2 316 3 43 0 102 1
0 844 1 318 2 158 1
0 354 1 795 1 936 2
0 732 0 625 0 490 3
1 914 1 698 2 44 1
1 498 3 477 3 360 3
2 519 1 324 1 518 3
0 806 2 196 3 958 1
0 448 0 771 2 529 1
1 926 3 627 0 246 0
2 606 3 73 1 888 1
0 759 1 16 1 91 0
0 49 1 511 2 682 2
0 563 0 509 1 19 0
1 617 0 737 3 899 2
0 140 0 755 3 781 0
0 872 0 625 1 778 0
1 812 3 688 3 227 1
2 598 1 483 3 981 0
1 232 3 195 0 591 3
1 724 3 88 0 115 1
0 245 1 345 1 324 1
0 903 2 650 1 323 1
0 656 1 211 0 736 2
0 679 1 236 3 784 0
1 252 1 573 1 943 2
1 267 3 340 3 589 2
2 912 3 445 0 532 0
2 269 2 773 0 124 2
0 260 2 703 0 428 0
0 371 2 917 2 201 1
0 790 3 538 2 778 3
1 310 3 135 3 405 0
2 881 2 232 2 309 3
0 737 0 368 0 110 1
0 312 2 964 2 845 2
2 623 1 187 2 828 2
1 98 0 445 1 396 2
0 802 0 57 3 708 2
0 739 1 513 3 247 0
1 629 3 901 1 75 3
1 778 2 100 0 203 2
2 951 0 203 1 652 1
2 361 3 424 0 384 1
2 631 1 846 0 825 3
1 900 2 681 2 413 2
2 968 0 263 3 540 3
0 192 0 280 1 55 0
2 440 2 974 3 959 0
1 784 3 822 1 658 3
0 71 1 678 3 373 1
1 913 0 334 2 192 2
1 248 3 721 0 313 3
2 272 3 147 1 139 1
1 797 1 513 0 166 3
2 540 1 921 1 597 3
1 142 1 275 2 892 0
1 205 0 893 2 967 1
0 106 2 685 3 539 2
0 706 2 438 2 579 3
2 528 2 667 2 892 2
0 784 2 194 2 390 0
0 710 1 763 0 843 0
1 735 2 899 1 444 2
1 375 1 146 0 72 1
2 316 3 43 0 102 1
0 844 1 318 2 158 1
0 354 1 795 1 936 2
0 732 0 625 0 490 3
1 914 1 698 2 44 1
1 498 3 477 3 360 3
2 519 1 324 1 518 3
0 806 2 196 3 958 1
0 448 0 771 2 529 1
1 926 3 627 0 246 0
2 606 3 73 1 888 1
0 759 1 16 1 91 0
0 49 1 511 2 682 2
0 563 0 509 1 19 0
1 617 0 737 3 899 2
0 140 0 755 3 781 0
0 872 0 625 1 778 0
1 812 3 688 3 227 1
2 598 1 483 3 981 0
1 232 3 195 0 591 3
1 724 3 88 0 115 1
0 245 1 345 1 324 1
0 903 2 650 1 323 1
0 656 1 211 0 736 2
0 679 1 236 3 784 0
1 252 1 573 1 943 2
1 267 3 340 3 589 2
2 912 3 445 0 532 0
2 269 2 773 0 124 2
0 260 2 703 0 428 0
0 371 2 917 2 201 1
0 790 3 538 2 778 3
1 310 3 135 3 405 0
2 881 2 232 2 309 3
0 737 0 368 0 110 1
0 312 2 964 2 845 2
2 623 1 187 2 828 2
1 98 0 445 1 396 2
0 802 0 57 3 708 2
0 739 1 513 3 247 0
1 629 3 901 1 75 3
1 778 2 100 0 203 2
2 951 0 203 1 652 1
2 361 3 424 0 384 1
2 631 1 846 0 825 3
1 900 2 681 2 413 2
2 968 0 263 3 540 3
0 192 0 280 1 55 0
2 440 2 974 3 959 0
1 784 3 822 1 658 3
0 71 1 678 3 373 1
1 913 0 334 2 192 2
1 248 3 721 0 313 3
2 272 3 147 1 139 1
1 797 1 513 0 166 3
2 540 1 921 1 597 3
1 142 1 275 2 892 0
1 205 0 893 2 967 1
0 106 2 685 3 539 2
0 706 2 438 2 579 3
2 528 2 667 2 892 2
0 784 2 194 2 390 0
0 710 1 763 0 843 0
1 735 2 899 1 444 2
1 375 1 146 0 72 1
2 316 3 43 0 102 1
0 844 1 318 2 158 1
0 354 1 795 1 936 2
0 732 0 625 0 490 3
1 914 1 698 2 44 1
1 498 3 477 3 360 3
2 519 1 324 1 518 3
0 806 2 196 3 958 1
0 448 0 771 2 529 1
1 926 3 627 0 246 0
2 606 3 73 1 888 1
0 759 1 16 1 91 0
0 49 1 511 2 682 2
0 563 0 509 1 19 0
1 617 0 737 3 899 2
0 140 0 755 3 781 0
0 872 0 625 1 778 0
1 812 3 688 3 227 1
2 598 1 483 3 981 0
1 232 3 195 0 591 3
1 724 3 88 0 115 1
0 245 1 345 1 324 1
0 903 2 650 1 323 1
0 656 1 211 0 736 2
0 679 1 236 3 784 0
1 252 1 573 1 943 2
1 267 3 340 3 589 2
2 912 3 445 0 532 0
2 269 2 773 0 124 2
0 260 2 703 0 428 0
0 371 2 917 2 201 1
0 790 3 538 2 778 3
1 310 3 135 3 405 0
2 881 2 232 2 309 3
0 737 0 368 0 110 1
0 312 2 964 2 845 2
2 623 1 187 2 828 2
1 747 1 719 0 942 2
0 146 1 311 3 2 1
0 724 1 159 1 158 2
1 98 0 445 1 396 2
0 802 0 57 3 708 2
0 739 1 513 3 247 0
1 629 3 901 1 75 3
1 778 2 100 0 203 2
2 951 0 203 1 652 1
2 361 3 424 0 384 1
2 631 1 846 0 825 3
1 900 2 681 2 413 2
2 968 0 263 3 540 3
0 192 0 280 1 55 0
2 440 2 974 3 959 0
1 784 3 822 1 658 3
0 71 1 678 3 373 1
1 913 0 334 2 192 2
1 248 3 721 0 313 3
2 272 3 147 1 139 1
1 797 1 513 0 166 3
2 540 1 921 1 597 3
1 142 1 275 2 892 0
1 205 0 893 2 967 1
0 106 2 685 3 539 2
0 706 2 438 2 579 3
2 528 2 667 2 892 2
0 784 2 194 2 390 0
0 710 1 763 0 843 0
1 735 2 899 1 444 2
1 375 1 146 0 72 1
2 316 3 43 0 102 1
0 844 1 318 2 158 1
0 354 1 795 1 936 2
0 732 0 625 0 490 3
1 914 1 698 2 44 1
1 498 3 477 3 360 3
2 519 1 324 1 518 3
0 806 2 196 3 958 1
0 448 0 771 2 529 1
1 926 3 627 0 246 0
2 606 3 73 1 888 1
0 759 1 16 1 91 0
0 49 1 511 2 682 2
0 563 0 509 1 19 0
1 617 0 737 3 899 2
0 140 0 755 3 781 0
0 872 0 625 1 778 0
1 812 3 688 3 227 1
2 598 1 483 3 981 0
1 232 3 195 0 591 3
1 724 3 88 0 115 1
0 245 1 345 1 324 1
0 903 2 650 1 323 1
0 656 1 211 0 736 2
0 679 1 236 3 784 0
1 252 1 573 1 943 2
1 267 3 340 3 589 2
2 912 3 445 0 532 0
2 269 2 773 0 124 2
0 260 2 703 0 428 0
0 371 2 917 2 201 1
0 790 3 538 2 778 3
1 310 3 135 3 405 0
2 881 2 232 2 309 3
0 737 0 368 0 110 1
0 312 2 964 2 845 2
2 623 1 187 2 828 2
1 98 0 445 1 396 2
0 802 0 57 3 708 2
0 739 1 513 3 247 0
1 629 3 901 1 75 3
1 778 2 100 0 203 2
2 951 0 203 1 652 1
2 361 3 424 0 384 1
2 631 1 846 0 825 3
1 900 2 681 2 413 2
2 968 0 263 3 540 3
0 192 0 280 1 55 0
2 440 2 974 3 959 0
1 784 3 822 1 658 3
0 71 1 678 3 373 1
1 913 0 334 2 192 2
1 248 3 721 0 313 3
2 272 3 147 1 139 1
1 797 1 513 0 166 3
2 540 1 921 1 597 3
1 142 1 275 2 892 0
1 205 0 893 2 967 1
0 106 2 685 3 539 2
0 706 2 438 2 579 3
2 528 2 667 2 892 2
0 784 2 194 2 390 0
0 710 1 763 0 843 0
1 735 2 899 1 444 2
1 375 1 146 0 72 1
2 316 3 43 0 102 1
0 844 1 318 2 158 1
0 354 1 795 1 936 2
0 732 0 625 0 490 3
1 914 1 698 2 44 1
1 498 3 477 3 360 3
2 519 1 324 1 518 3
0 806 2 196 3 958 1
0 448 0 771 2 529 1
1 926 3 627 0 246 0
2 606 3 73 1 888 1
0 759 1 16 1 91 0
0 49 1 511 2 682 2
0 563 0 509 1 19 0
1 617 0 737 3 899 2
0 140 0 755 3 781 0
0 872 0 625 1 778 0
1 812 3 688 3 227 1
2 598 1 483 3 981 0
1 232 3 195 0 591 3
1 724 3 88 0 115 1
0 245 1 345 1 324 1
0 903 2 650 1 323 1
0 656 1 211 0 736 2
0 679 1 236 3 784 0
1 252 1 573 1 943 2
1 267 3 340 3 589 2
2 912 3 445 0 532 0
2 269 2 773 0 124 2
0 260 2 703 0 428 0
0 371 2 917 2 201 1
0 790 3 538 2 778 3
1 310 3 135 3 405 0
2 881 2 232 2 309 3
0 737 0 368 0 110 1
0 312 2 964 2 845 2
2 623 1 187 2 828 2
1 98 0 445 1 396 2
0 802 0 57 3 708 2
0 739 1 513 3 247 0
1 629 3 901 1 75 3
1 778 2 100 0 203 2
2 951 0 203 1 652 1
2 361 3 424 0 384 1
2 631 1 846 0 825 3
1 900 2 681 2 413 2
2 968 0 263 3 540 3
0 192 0 280 1 55 0
2 440 2 974 3 959 0
1 784 3 822 1 658 3
0 71 1 678 3 373 1
1 913 0 334 2 192 2
1 248 3 721 0 313 3
2 272 3 147 1 139 1
1 797 1 513 0 166 3
2 540 1 921 1 597 3
1 142 1 275 2 892 0
1 205 0 893 2 967 1
0 106 2 685 3 539 2
0 706 2 438 2 579 3
2 528 2 667 2 892 2
0 784 2 194 2 390 0
0 710 1 763 0 843 0
1 735 2 899 1 444 2
1 375 1 146 0 72 1
2 316 3 43 0 102 1
0 844 1 318 2 158 1
0 354 1 795 1 936 2
0 732 0 625 0 490 3
1 914 1 698 2 44 1
1 498 3 477 3 360 3
2 519 1 324 1 518 3
0 806 2 196 3 958 1
0 448 0 771 2 529 1
1 926 3 627 0 246 0
2 606 3 73 1 888 1
0 759 1 16 1 91 0
0 49 1 511 2 682 2
0 563 0 509 1 19 0
1 617 0 737 3 899 2
0 140 0 755 3 781 0
0 872 0 625 1 778 0
1 812 3 688 3 227 1
2 598 1 483 3 981 0
1 232 3 195 0 591 3
1 724 3 88 0 115 1
0 245 1 345 1 324 1
0 903 2 650 1 323 1
0 656 1 211 0 736 2
0 679 1 236 3 784 0
1 252 1 573 1 943 2
1 267 3 340 3 589 2
2 912 3 445 0 532 0
2 269 2 773 0 124 2
0 260 2 703 0 428 0
0 371 2 917 2 201 1
0 790 3 538 2 778 3
1 310 3 135 3 405 0
2 881 2 232 2 309 3
0 737 0 368 0 110 1
0 312 2 964 2 845 2
2 623 1 187 2 828 2
1 98 0 445 1 396 2
0 802 0 57 3 708 2
0 739 1 513 3 247 0
1 629 3 901 1 75 3
1 778 2 100 0 203 2
2 951 0 203 1 652 1
2 361 3 424 0 384 1
2 631 1 846 0 825 3
1 900 2 681 2 413 2
2 968 0 263 3 540 3
0 192 0 280 1 55 0
2 440 2 974 3 959 0
1 784 3 822 1 658 3
0 71 1 678 3 373 1
1 913 0 334 2 192 2
1 248 3 721 0 313 3
2 272 3 147 1 139 1
1 797 1 513 0 166 3
2 540 1 921 1 597 3
1 142 1 275 2 892 0
1 205 0 893 2 967 1
0 106 2 685 3 539 2
0 706 2 438 2 579 3
2 528 2 667 2 892 2
0 784 2 194 2 390 0
0 710 1 763 0 843 0
1 735 2 899 1 444 2
1 375 1 146 0 72 1
2 316 3 43 0 102 1
0 844 1 318 2 158 1
0 354 1 795 1 936 2
0 732 0 625 0 490 3
1 914 1 698 2 44 1
1 498 3 477 3 360 3
2 519 1 324 1 518 3
0 806 2 196 3 958 1
0 448 0 771 2 529 1
1 926 3 627 0 246 0
2 606 3 73 1 888 1
0 759 1 16 1 91 0
0 49 1 511 2 682 2
0 563 0 509 1 19 0
1 617 0 737 3 899 2
0 140 0 755 3 781 0
0 872 0 625 1 778 0
1 812 3 688 3 227 1
2 598 1 483 3 981 0
1 232 3 195 0 591 3
1 724 3 88 0 115 1
0 245 1 345 1 324 1
0 903 2 650 1 323 1
0 656 1 211 0 736 2
0 679 1 236 3 784 0
1 252 1 573 1 943 2
1 267 3 340 3 589 2
2 912 3 445 0 532 0
2 269 2 773 0 124 2
0 260 2 703 0 428 0
0 371 2 917 2 201 1
0 790 3 538 2 778 3
1 310 3 135 3 405 0
2 881 2 232 2 309 3
0 737 0 368 0 110 1
0 312 2 964 2 845 2
2 623 1 187 2 828 2
2 181 2 566 1 871 1
1 98 0 445 1 396 2
0 802 0 57 3 708 2
0 739 1 513 3 247 0
1 629 3 901 1 75 3
1 778 2 100 0 203 2
2 951 0 203 1 652 1
2 361 3 424 0 384 1
2 631 1 846 0 825 3
1 900 2 681 2 413 2
2 968 0 263 3 540 3
0 192 0 280 1 55 0
2 440 2 974 3 959 0
1 784 3 822 1 658 3
0 71 1 678 3 373 1
1 913 0 334 2 192 2
1 248 3 721 0 313 3
2 272 3 147 1 139 1
1 797 1 513 0 166 3
2 540 1 921 1 597 3
1 142 1 275 2 892 0
1 205 0 893 2 967 1
0 106 2 685 3 539 2
0 706 2 438 2 579 3
2 528 2 667 2 892 2
0 784 2 194 2 390 0
0 710 1 763 0 843 0
1 735 2 899 1 444 2
1 375 1 146 0 72 1
2 316 3 43 0 102 1
0 844 1 318 2 158 1
0 354 1 795 1 936 2
0 732 0 625 0 490 3
1 914 1 698 2 44 1
1 498 3 477 3 360 3
2 519 1 324 1 518 3
0 806 2 196 3 958 1
0 448 0 771 2 529 1
1 926 3 627 0 246 0
2 606 3 73 1 888 1
0 759 1 16 1 91 0
0 49 1 511 2 682 2
0 563 0 509 1 19 0
1 617 0 737 3 899 2
0 140 0 755 3 781 0
0 872 0 625 1 778 0
1 812 3 688 3 227 1
2 598 1 483 3 981 0
1 232 3 195 0 591 3
1 724 3 88 0 115 1
0 245 1 345 1 324 1
0 903 2 650 1 323 1
0 656 1 211 0 736 2
0 679 1 236 3 784 0
1 252 1 573 1 943 2
1 267 3 340 3 589 2
2 912 3 445 0 532 0
2 269 2 773 0 124 2
0 260 2 703 0 428 0
0 371 2 917 2 201 1
0 790 3 538 2 778 3
1 310 3 135 3 405 0
2 881 2 232 2 309 3
0 737 0 368 0 110 1
0 312 2 964 2 845 2
2 623 1 187 2 828 2
1 98 0 445 1 396 2
0 802 0 57 3 708 2
0 739 1 513 3 247 0
1 629 3 901 1 75 3
1 778 2 100 0 203 2
2 951 0 203 1 652 1
2 361 3 424 0 384 1
2 631 1 846 0 825 3
1 900 2 681 2 413 2
2 968 0 263 3 540 3
0 192 0 280 1 55 0
2 440 2 974 3 959 0
1 784 3 822 1 658 3
0 71 1 678 3 373 1
1 913 0 334 2 192 2
1 248 3 721 0 313 3
2 272 3 147 1 139 1
1 797 1 513 0 166 3
2 540 1 921 1 597 3
1 142 1 275 2 892 0
1 205 0 893 2 967 1
0 106 2 685 3 539 2
0 706 2 438 2 579 3
2 528 2 667 2 892 2
0 784 2 194 2 390 0
0 710 1 763 0 843 0
1 735 2 899 1 444 2
1 375 1 146 0 72 1
2 316 3 43 0 102 1
0 844 1 318 2 158 1
0 354 1 795 1 936 2
0 732 0 625 0 490 3
1 914 1 698 2 44 1
1 498 3 477 3 360 3
2 519 1 324 1 518 3
0 806 2 196 3 958 1
0 448 0 771 2 529 1
1 926 3 627 0 246 0
2 606 3 73 1 888 1
0 759 1 16 1 91 0
0 49 1 511 2 682 2
0 563 0 509 1 19 0
1 617 0 737 3 899 2
0 140 0 755 3 781 0
0 872 0 625 1 778 0
1 812 3 688 3 227 1
2 598 1 483 3 981 0
1 232 3 195 0 591 3
1 724 3 88 0 115 1
0 245 1 345 1 324 1
0 903 2 650 1 323 1
0 656 1 211 0 736 2
0 679 1 236 3 784 0
1 252 1 573 1 943 2
1 267 3 340 3 589 2
2 912 3 445 0 532 0
2 269 2 773 0 124 2
0 260 2 703 0 428 0
0 371 2 917 2 201 1
0 790 3 538 2 778 3
1 310 3 135 3 405 0
2 881 2 232 2 309 3
0 737 0 368 0 110 1
0 312 2 964 2 845 2
2 623 1 187 2 828 2
1 98 0 445 1 396 2
0 802 0 57 3 708 2
0 739 1 513 3 247 0
1 629 3 901 1 75 3
1 778 2 100 0 203 2
2 951 0 203 1 652 1
2 361 3 424 0 384 1
2 631 1 846 0 825 3
1 900 2 681 2 413 2
2 968 0 263 3 540 3
0 192 0 280 1 55 0
2 440 2 974 3 959 0
1 784 3 822 1 658 3
0 71 1 678 3 373 1
1 913 0 334 2 192 2
1 248 3 721 0 313 3
2 272 3 147 1 139 1
1 797 1 513 0 166 3
2 540 1 921 1 597 3
1 142 1 275 2 892 0
1 205 0 893 2 967 1
0 106 2 685 3 539 2
0 706 2 438 2 579 3
2 528 2 667 2 892 2
0 784 2 194 2 390 0
0 710 1 763 0 843 0
1 735 2 899 1 444 2
1 375 1 146 0 72 1
2 316 3 43 0 102 1
0 844 1 318 2 158 1
0 354 1 795 1 936 2
0 732 0 625 0 490 3
1 914 1 698 2 44 1
1 498 3 477 3 360 3
2 519 1 324 1 518 3
0 806 2 196 3 958 1
0 448 0 771 2 529 1
1 926 3 627 0 246 0
2 606 3 73 1 888 1
0 759 1 16 1 91 0
0 49 1 511 2 682 2
0 563 0 509 1 19 0
1 617 0 737 3 899 2
0 140 0 755 3 781 0
0 872 0 625 1 778 0
1 812 3 688 3 227 1
2 598 1 483 3 981 0
1 232 3 195 0 591 3
1 724 3 88 0 115 1
0 245 1 345 1 324 1
0 903 2 650 1 323 1
0 656 1 211 0 736 2
0 679 1 236 3 784 0
1 252 1 573 1 943 2
1 267 3 340 3 589 2
2 912 3 445 0 532 0
2 269 2 773 0 124 2
0 260 2 703 0 428 0
0 371 2 917 2 201 1
0 790 3 538 2 778 3
1 310 3 135 3 405 0
2 881 2 232 2 309 3
0 737 0 368 0 110 1
0 312 2 964 2 845 2
2 623 1 187 2 828 2
2 934 0 881 1 102 2
1 98 0 445 1 396 2
0 802 0 57 3 708 2
0 739 1 513 3 247 0
1 629 3 901 1 75 3
1 778 2 100 0 203 2
2 951 0 203 1 652 1
2 361 3 424 0 384 1
2 631 1 846 0 825 3
1 900 2 681 2 413 2
2 968 0 263 3 540 3
0 192 0 280 1 55 0
2 440 2 974 3 959 0
1 784 3 822 1 658 3
0 71 1 678 3 373 1
1 913 0 334 2 192 2
1 248 3 721 0 313 3
2 272 3 147 1 139 1
1 797 1 513 0 166 3
2 540 1 921 1 597 3
1 142 1 275 2 892 0
1 205 0 893 2 967 1
0 106 2 685 3 539 2
0 706 2 438 2 579 3
2 528 2 667 2 892 2
0 784 2 194 2 390 0
0 710 1 763 0 843 0
1 735 2 899 1 444 2
1 375 1 146 0 72 1
2 316 3 43 0 102 1
0 844 1 318 2 158 1
0 354 1 795 1 936 2
0 732 0 625 0 490 3
1 914 1 698 2 44 1
1 498 3 477 3 360 3
2 519 1 324 1 518 3
0 806 2 196 3 958 1
0 448 0 771 2 529 1
1 926 3 627 0 246 0
2 606 3 73 1 888 1
0 759 1 16 1 91 0
0 49 1 511 2 682 2
0 563 0 509 1 19 0
1 617 0 737 3 899 2
0 140 0 755 3 781 0
0 872 0 625 1 778 0
1 812 3 688 3 227 1
2 598 1 483 3 981 0
1 232 3 195 0 591 3
1 724 3 88 0 115 1
0 245 1 345 1 324 1
0 903 2 650 1 323 1
0 656 1 211 0 736 2
0 679 1 236 3 784 0
1 252 1 573 1 943 2
1 267 3 340 3 589 2
2 912 3 445 0 532 0
2 269 2 773 0 124 2
0 260 2 703 0 428 0
0 371 2 917 2 201 1
0 790 3 538 2 778 3
1 310 3 135 3 405 0
2 881 2 232 2 309 3
0 737 0 368 0 110 1
0 312 2 964 2 845 2
2 623 1 187 2 828 2
1 98 0 445 1 396 2
0 802 0 57 3 708 2
0 739 1 513 3 247 0
1 629 3 901 1 75 3
1 778 2 100 0 203 2
2 951 0 203 1 652 1
2 361 3 424 0 384 1
2 631 1 846 0 825 3
1 900 2 681 2 413 2
2 968 0 263 3 540 3
0 192 0 280 1 55 0
2 440 2 974 3 959 0
1 784 3 822 1 658 3
0 71 1 678 3 373 1
1 913 0 334 2 192 2
1 248 3 721 0 313 3
2 272 3 147 1 139 1
1 797 1 513 0 166 3
2 540 1 921 1 597 3
1 142 1 275 2 892 0
1 205 0 893 2 967 1
0 106 2 685 3 539 2
0 706 2 438 2 579 3
2 528 2 667 2 892 2
0 784 2 194 2 390 0
0 710 1 763 0 843 0
1 735 2 899 1 444 2
1 375 1 146 0 72 1
2 316 3 43 0 102 1
0 844 1 318 2 158 1
0 354 1 795 1 936 2
0 732 0 625 0 490 3
1 914 1 698 2 44 1
1 498 3 477 3 360 3
2 519 1 324 1 518 3
0 806 2 196 3 958 1
0 448 0 771 2 529 1
1 926 3 627 0 246 0
2 606 3 73 1 888 1
0 759 1 16 1 91 0
0 49 1 511 2 682 2
0 563 0 509 1 19 0
1 617 0 737 3 899 2
0 140 0 755 3 781 0
0 872 0 625 1 778 0
1 812 3 688 3 227 1
2 598 1 483 3 981 0
1 232 3 195 0 591 3
1 724 3 88 0 115 1
0 245 1 345 1 324 1
0 903 2 650 1 323 1
0 656 1 211 0 736 2
0 679 1 236 3 784 0
1 252 1 573 1 943 2
1 267 3 340 3 589 2
2 912 3 445 0 532 0
2 269 2 773 0 124 2
0 260 2 703 0 428 0
0 371 2 917 2 201 1
0 790 3 538 2 778 3
1 310 3 135 3 405 0
2 881 2 232 2 309 3
0 737 0 368 0 110 1
0 312 2 964 2 845 2
2 623 1 187 2 828 2
1 98 0 445 1 396 2
0 802 0 57 3 708 2
0 739 1 513 3 247 0
1 629 3 901 1 75 3
1 778 2 100 0 203 2
2 951 0 203 1 652 1
2 361 3 424 0 384 1
2 631 1 846 0 825 3
1 900 2 681 2 413 2
2 968 0 263 3 540 3
0 192 0 280 1 55 0
2 440 2 974 3 959 0
1 784 3 822 1 658 3
0 71 1 678 3 373 1
1 913 0 334 2 192 2
1 248 3 721 0 313 3
2 272 3 147 1 139 1
1 797 1 513 0 166 3
2 540 1 921 1 597 3
1 142 1 275 2 892 0
1 205 0 893 2 967 1
0 106 2 685 3 539 2
0 706 2 438 2 579 3
2 528 2 667 2 892 2
0 784 2 194 2 390 0
0 710 1 763 0 843 0
1 735 2 899 1 444 2
1 375 1 146 0 72 1
2 316 3 43 0 102 1
0 844 1 318 2 158 1
0 354 1 795 1 936 2
0 732 0 625 0 490 3
1 914 1 698 2 44 1
1 498 3 477 3 360 3
2 519 1 324 1 518 3
0 806 2 196 3 958 1
0 448 0 771 2 529 1
1 926 3 627 0 246 0
2 606 3 73 1 888 1
0 759 1 16 1 91 0
0 49 1 511 2 682 2
0 563 0 509 1 19 0
1 617 0 737 3 899 2
0 140 0 755 3 781 0
0 872 0 625 1 778 0
1 812 3 688 3 227 1
2 598 1 483 3 981 0
1 232 3 195 0 591 3
1 724 3 88 0 115 1
0 245 1 345 1 324 1
0 903 2 650 1 323 1
0 656 1 211 0 736 2
0 679 1 236 3 784 0
1 252 1 573 1 943 2
1 267 3 340 3 589 2
2 912 3 445 0 532 0
2 269 2 773 0 124 2
0 260 2 703 0 428 0
0 371 2 917 2 201 1
0 790 3 538 2 778 3
1 310 3 135 3 405 0
2 881 2 232 2 309 3
0 737 0 368 0 110 1
0 312 2 964 2 845 2
2 623 1 187 2 828 2
0 412 3 140 2 913 2
2 963 0 609 1 205 0
1 98 0 445 1 396 2
0 802 0 57 3 708 2
0 739 1 513 3 247 0
1 629 3 901 1 75 3
1 778 2 100 0 203 2
2 951 0 203 1 652 1
2 361 3 424 0 384 1
2 631 1 846 0 825 3
1 900 2 681 2 413 2
2 968 0 263 3 540 3
0 192 0 280 1 55 0
2 440 2 974 3 959 0
1 784 3 822 1 658 3
0 71 1 678 3 373 1
1 913 0 334 2 192 2
1 248 3 721 0 313 3
2 272 3 147 1 139 1
1 797 1 513 0 166 3
2 540 1 921 1 597 3
1 142 1 275 2 892 0
1 205 0 893 2 967 1
0 106 2 685 3 539 2
0 706 2 438 2 579 3
2 528 2 667 2 892 2
0 784 2 194 2 390 0
0 710 1 763 0 843 0
1 735 2 899 1 444 2
1 375 1 146 0 72 1
2 316 3 43 0 102 1
0 844 1 318 2 158 1
0 354 1 795 1 936 2
0 732 0 625 0 490 3
1 914 1 698 2 44 1
1 498 3 477 3 360 3
2 519 1 324 1 518 3
0 806 2 196 3 958 1
0 448 0 771 2 529 1
1 926 3 627 0 246 0
2 606 3 73 1 888 1
0 759 1 16 1 91 0
0 49 1 511 2 682 2
0 563 0 509 1 19 0
1 617 0 737 3 899 2
0 140 0 755 3 781 0
0 872 0 625 1 778 0
1 812 3 688 3 227 1
2 598 1 483 3 981 0
1 232 3 195 0 591 3
1 724 3 88 0 115 1
0 245 1 345 1 324 1
0 903 2 650 1 323 1
0 656 1 211 0 736 2
0 679 1 236 3 784 0
1 252 1 573 1 943 2
1 267 3 340 3 589 2
2 912 3 445 0 532 0
2 269 2 773 0 124 2
0 260 2 703 0 428 0
0 371 2 917 2 201 1
0 790 3 538 2 778 3
1 310 3 135 3 405 0
2 881 2 232 2 309 3
0 737 0 368 0 110 1
0 312 2 964 2 845 2
2 623 1 187 2 828 2
1 307 1 216 1 133 1
1 98 0 445 1 396 2
0 802 0 57 3 708 2
0 739 1 513 3 247 0
1 629 3 901 1 75 3
1 778 2 100 0 203 2
2 951 0 203 1 652 1
2 361 3 424 0 384 1
2 631 1 846 0 825 3
1 900 2 681 2 413 2
2 968 0 263 3 540 3
0 192 0 280 1 55 0
2 440 2 974 3 959 0
1 784 3 822 1 658 3
0 71 1 678 3 373 1
1 913 0 334 2 192 2
1 248 3 721 0 313 3
2 272 3 147 1 139 1
1 797 1 513 0 166 3
2 540 1 921 1 597 3
1 142 1 275 2 892 0
1 205 0 893 2 967 1
0 106 2 685 3 539 2
0 706 2 438 2 579 3
2 528 2 667 2 892 2
0 784 2 194 2 390 0
0 710 1 763 0 843 0
1 735 2 899 1 444 2
1 375 1 146 0 72 1
2 316 3 43 0 102 1
0 844 1 318 2 158 1
0 354 1 795 1 936 2
0 732 0 625 0 490 3
1 914 1 698 2 44 1
1 498 3 477 3 360 3
2 519 1 324 1 518 3
0 806 2 196 3 958 1
0 448 0 771 2 529 1
1 926 3 627 0 246 0
2 606 3 73 1 888 1
0 759 1 16 1 91 0
0 49 1 511 2 682 2
0 563 0 509 1 19 0
1 617 0 737 3 899 2
0 140 0 755 3 781 0
0 872 0 625 1 778 0
1 812 3 688 3 227 1
2 598 1 483 3 981 0
1 232 3 195 0 591 3
1 724 3 88 0 115 1
0 245 1 345 1 324 1
0 903 2 650 1 323 1
0 656 1 211 0 736 2
0 679 1 236 3 784 0
1 252 1 573 1 943 2
1 267 3 340 3 589 2
2 912 3 445 0 532 0
2 269 2 773 0 124 2
0 260 2 703 0 428 0
0 371 2 917 2 201 1
0 790 3 538 2 778 3
1 310 3 135 3 405 0
2 881 2 232 2 309 3
0 737 0 368 0 110 1
0 312 2 964 2 845 2
2 623 1 187 2 828 2
2 518 2 994 3 912 2
0 940 0 150 3 539 2
1 98 0 445 1 396 2
0 802 0 57 3 708 2
0 739 1 513 3 247 0
1 629 3 901 1 75 3
1 778 2 100 0 203 2
2 951 0 203 1 652 1
2 361 3 424 0 384 1
2 631 1 846 0 825 3
1 900 2 681 2 413 2
2 968 0 263 3 540 3
0 192 0 280 1 55 0
2 440 2 974 3 959 0
1 784 3 822 1 658 3
0 71 1 678 3 373 1
1 913 0 334 2 192 2
1 248 3 721 0 313 3
2 272 3 147 1 139 1
1 797 1 513 0 166 3
2 540 1 921 1 597 3
1 142 1 275 2 892 0
1 205 0 893 2 967 1
0 106 2 685 3 539 2
0 706 2 438 2 579 3
2 528 2 667 2 892 2
0 784 2 194 2 390 0
0 710 1 763 0 843 0
1 735 2 899 1 444 2
1 375 1 146 0 72 1
2 316 3 43 0 102 1
0 844 1 318 2 158 1
0 354 1 795 1 936 2
0 732 0 625 0 490 3
1 914 1 698 2 44 1
1 498 3 477 3 360 3
2 519 1 324 1 518 3
0 806 2 196 3 958 1
0 448 0 771 2 529 1
1 926 3 627 0 246 0
2 606 3 73 1 888 1
0 759 1 16 1 91 0
0 49 1 511 2 682 2
0 563 0 509 1 19 0
1 617 0 737 3 899 2
0 140 0 755 3 781 0
0 872 0 625 1 778 0
1 812 3 688 3 227 1
2 598 1 483 3 981 0
1 232 3 195 0 591 3
1 724 3 88 0 115 1
0 245 1 345 1 324 1
0 903 2 650 1 323 1
0 656 1 211 0 736 2
0 679 1 236 3 784 0
1 252 1 573 1 943 2
1 267 3 340 3 589 2
2 912 3 445 0 532 0
2 269 2 773 0 124 2
0 260 2 703 0 428 0
0 371 2 917 2 201 1
0 790 3 538 2 778 3
1 310 3 135 3 405 0
2 881 2 232 2 309 3
0 737 0 368 0 110 1
0 312 2 964 2 845 2
2 623 1 187 2 828 2
1 98 0 445 1 396 2
0 802 0 57 3 708 2
0 739 1 513 3 247 0
1 629 3 901 1 75 3
1 778 2 100 0 203 2
2 951 0 203 1 652 1
2 361 3 424 0 384 1
2 631 1 846 0 825 3
1 900 2 681 2 413 2
2 968 0 263 3 540 3
0 192 0 280 1 55 0
2 440 2 974 3 959 0
1 784 3 822 1 658 3
0 71 1 678 3 373 1
1 913 0 334 2 192 2
1 248 3 721 0 313 3
2 272 3 147 1 139 1
1 797 1 513 0 166 3
2 540 1 921 1 597 3
1 142 1 275 2 892 0
1 205 0 893 2 967 1
0 106 2 685 3 539 2
0 706 2 438 2 579 3
2 528 2 667 2 892 2
0 784 2 194 2 390 0
0 710 1 763 0 843 0
1 735 2 899 1 444 2
1 375 1 146 0 72 1
2 316 3 43 0 102 1
0 844 1 318 2 158 1
0 354 1 795 1 936 2
0 732 0 625 0 490 3
1 914 1 698 2 44 1
1 498 3 477 3 360 3
2 519 1 324 1 518 3
0 806 2 196 3 958 1
0 448 0 771 2 529 1
1 926 3 627 0 246 0
2 606 3 73 1 888 1
0 759 1 16 1 91 0
0 49 1 511 2 682 2
0 563 0 509 1 19 0
1 617 0 737 3 899 2
0 140 0 755 3 781 0
0 872 0 625 1 778 0
1 812 3 688 3 227 1
2 598 1 483 3 981 0
1 232 3 195 0 591 3
1 724 3 88 0 115 1
0 245 1 345 1 324 1
0 903 2 650 1 323 1
0 656 1 211 0 736 2
0 679 1 236 3 784 0
1 252 1 573 1 943 2
1 267 3 340 3 589 2
2 912 3 445 0 532 0
2 269 2 773 0 124 2
0 260 2 703 0 428 0
0 371 2 917 2 201 1
0 790 3 538 2 778 3
1 310 3 135 3 405 0
2 881 2 232 2 309 3
0 737 0 368 0 110 1
0 312 2 964 2 845 2
2 623 1 187 2 828 2
1 98 0 445 1 396 2
0 802 0 57 3 708 2
0 739 1 513 3 247 0
1 629 3 901 1 75 3
1 778 2 100 0 203 2
2 951 0 203 1 652 1
2 361 3 424 0 384 1
2 631 1 846 0 825 3
1 900 2 681 2 413 2
2 968 0 263 3 540 3
0 192 0 280 1 55 0
2 440 2 974 3 959 0
1 784 3 822 1 658 3
0 71 1 678 3 373 1
1 913 0 334 2 192 2
1 248 3 721 0 313 3
2 272 3 147 1 139 1
1 797 1 513 0 166 3
2 540 1 921 1 597 3
1 142 1 275 2 892 0
1 205 0 893 2 967 1
0 106 2 685 3 539 2
0 706 2 438 2 579 3
2 528 2 667 2 892 2
0 784 2 194 2 390 0
0 710 1 763 0 843 0
1 735 2 899 1 444 2
1 375 1 146 0 72 1
2 316 3 43 0 102 1
0 844 1 318 2 158 1
0 354 1 795 1 936 2
0 732 0 625 0 490 3
1 914 1 698 2 44 1
1 498 3 477 3 360 3
2 519 1 324 1 518 3
0 806 2 196 3 958 1
0 448 0 771 2 529 1
1 926 3 627 0 246 0
2 606 3 73 1 888 1
0 759 1 16 1 91 0
0 49 1 511 2 682 2
0 563 0 509 1 19 0
1 617 0 737 3 899 2
0 140 0 755 3 781 0
0 872 0 625 1 778 0
1 812 3 688 3 227 1
2 598 1 483 3 981 0
1 232 3 195 0 591 3
1 724 3 88 0 115 1
0 245 1 345 1 324 1
0 903 2 650 1 323 1
0 656 1 211 0 736 2
0 679 1 236 3 784 0
1 252 1 573 1 943 2
1 267 3 340 3 589 2
2 912 3 445 0 532 0
2 269 2 773 0 124 2
0 260 2 703 0 428 0
0 371 2 917 2 201 1
0 790 3 538 2 778 3
1 310 3 135 3 405 0
2 881 2 232 2 309 3
0 737 0 368 0 110 1
0 312 2 964 2 845 2
2 623 1 187 2 828 2
1 866 2 626 1 587 2
1 939 1 11 3 711 1
0 621 0 153 1 520 1
1 98 0 445 1 396 2
0 802 0 57 3 708 2
0 739 1 513 3 247 0
1 629 3 901 1 75 3
1 778 2 100 0 203 2
2 951 0 203 1 652 1
2 361 3 424 0 384 1
2 631 1 846 0 825 3
1 900 2 681 2 413 2
2 968 0 263 3 540 3
0 192 0 280 1 55 0
2 440 2 974 3 959 0
1 784 3 822 1 658 3
0 71 1 678 3 373 1
1 913 0 334 2 192 2
1 248 3 721 0 313 3
2 272 3 147 1 139 1
1 797 1 513 0 166 3
2 540 1 921 1 597 3
1 142 1 275 2 892 0
1 205 0 893 2 967 1
0 106 2 685 3 539 2
0 706 2 438 2 579 3
2 528 2 667 2 892 2
0 784 2 194 2 390 0
0 710 1 763 0 843 0
1 735 2 899 1 444 2
1 375 1 146 0 72 1
2 316 3 43 0 102 1
0 844 1 318 2 158 1
0 354 1 795 1 936 2
0 732 0 625 0 490 3
1 914 1 698 2 44 1
1 498 3 477 3 360 3
2 519 1 324 1 518 3
0 806 2 196 3 958 1
0 448 0 771 2 529 1
1 926 3 627 0 246 0
2 606 3 73 1 888 1
0 759 1 16 1 91 0
0 49 1 511 2 682 2
0 563 0 509 1 19 0
1 617 0 737 3 899 2
0 140 0 755 3 781 0
0 872 0 625 1 778 0
1 812 3 688 3 227 1
2 598 1 483 3 981 0
1 232 3 195 0 591 3
1 724 3 88 0 115 1
0 245 1 345 1 324 1
0 903 2 650 1 323 1
0 656 1 211 0 736 2
0 679 1 236 3 784 0
1 252 1 573 1 943 2
1 267 3 340 3 589 2
2 912 3 445 0 532 0
2 269 2 773 0 124 2
0 260 2 703 0 428 0
0 371 2 917 2 201 1
0 790 3 538 2 778 3
1 310 3 135 3 405 0
2 881 2 232 2 309 3
0 737 0 368 0 110 1
0 312 2 964 2 845 2
2 623 1 187 2 828 2
2 642 2 496 1 86 1
1 98 0 445 1 396 2
0 802 0 57 3 708 2
0 739 1 513 3 247 0
1 629 3 901 1 75 3
1 778 2 100 0 203 2
2 951 0 203 1 652 1
2 361 3 424 0 384 1
2 631 1 846 0 825 3
1 900 2 681 2 413 2
2 968 0 263 3 540 3
0 192 0 280 1 55 0
2 440 2 974 3 959 0
1 784 3 822 1 658 3
0 71 1 678 3 373 1
1 913 0 334 2 192 2
1 248 3 721 0 313 3
2 272 3 147 1 139 1
1 797 1 513 0 166 3
2 540 1 921 1 597 3
1 142 1 275 2 892 0
1 205 0 893 2 967 1
0 106 2 685 3 539 2
0 706 2 438 2 579 3
2 528 2 667 2 892 2
0 784 2 194 2 390 0
0 710 1 763 0 843 0
1 735 2 899 1 444 2
1 375 1 146 0 72 1
2 316 3 43 0 102 1
0 844 1 318 2 158 1
0 354 1 795 1 936 2
0 732 0 625 0 490 3
1 914 1 698 2 44 1
1 498 3 477 3 360 3
2 519 1 324 1 518 3
0 806 2 196 3 958 1
0 448 0 771 2 529 1
1 926 3 627 0 246 0
2 606 3 73 1 888 1
0 759 1 16 1 91 0
0 49 1 511 2 682 2
0 563 0 509 1 19 0
1 617 0 737 3 899 2
0 140 0 755 3 781 0
0 872 0 625 1 778 0
1 812 3 688 3 227 1
2 598 1 483 3 981 0
1 232 3 195 0 591 3
1 724 3 88 0 115 1
0 245 1 345 1 324 1
0 903 2 650 1 323 1
0 656 1 211 0 736 2
0 679 1 236 3 784 0
1 252 1 573 1 943 2
1 267 3 340 3 589 2
2 912 3 445 0 532 0
2 269 2 773 0 124 2
0 260 2 703 0 428 0
0 371 2 917 2 201 1
0 790 3 538 2 778 3
1 310 3 135 3 405 0
2 881 2 232 2 309 3
0 737 0 368 0 110 1
0 312 2 964 2 845 2
2 623 1 187 2 828 2
1 381 3 946 0 355 1
0 712 0 724 2 871 2
1 98 0 445 1 396 2
0 802 0 57 3 708 2
0 739 1 513 3 247 0
1 629 3 901 1 75 3
1 778 2 100 0 203 2
2 951 0 203 1 652 1
2 361 3 424 0 384 1
2 631 1 846 0 825 3
1 900 2 681 2 413 2
2 968 0 263 3 540 3
0 192 0 280 1 55 0
2 440 2 974 3 959 0
1 784 3 822 1 658 3
0 71 1 678 3 373 1
1 913 0 334 2 192 2
1 248 3 721 0 313 3
2 272 3 147 1 139 1
1 797 1 513 0 166 3
2 540 1 921 1 597 3
1 142 1 275 2 892 0
1 205 0 893 2 967 1
0 106 2 685 3 539 2
0 706 2 438 2 579 3
2 528 2 667 2 892 2
0 784 2 194 2 390 0
0 710 1 763 0 843 0
1 735 2 899 1 444 2
1 375 1 146 0 72 1
2 316 3 43 0 102 1
0 844 1 318 2 158 1
0 354 1 795 1 936 2
0 732 0 625 0 490 3
1 914 1 698 2 44 1
1 498 3 477 3 360 3
2 519 1 324 1 518 3
0 806 2 196 3 958 1
0 448 0 771 2 529 1
1 926 3 627 0 246 0
2 606 3 73 1 888 1
0 759 1 16 1 91 0
0 49 1 511 2 682 2
0 563 0 509 1 19 0
1 617 0 737 3 899 2
0 140 0 755 3 781 0
0 872 0 625 1 778 0
1 812 3 688 3 227 1
2 598 1 483 3 981 0
1 232 3 195 0 591 3
1 724 3 88 0 115 1
0 245 1 345 1 324 1
0 903 2 650 1 323 1
0 656 1 211 0 736 2
0 679 1 236 3 784 0
1 252 1 573 1 943 2
1 267 3 340 3 589 2
2 912 3 445 0 532 0
2 269 2 773 0 124 2
0 260 2 703 0 428 0
0 371 2 917 2 201 1
0 790 3 538 2 778 3
1 310 3 135 3 405 0
2 881 2 232 2 309 3
0 737 0 368 0 110 1
0 312 2 964 2 845 2
2 623 1 187 2 828 2
1 98 0 445 1 396 2
0 802 0 57 3 708 2
0 739 1 513 3 247 0
1 629 3 901 1 75 3
1 778 2 100 0 203 2
2 951 0 203 1 652 1
2 361 3 424 0 384 1
2 631 1 846 0 825 3
1 900 2 681 2 413 2
2 968 0 263 3 540 3
0 192 0 280 1 55 0
2 440 2 974 3 959 0
1 784 3 822 1 658 3
0 71 1 678 3 373 1
1 913 0 334 2 192 2
1 248 3 721 0 313 3
2 272 3 147 1 139 1
1 797 1 513 0 166 3
2 540 1 921 1 597 3
1 142 1 275 2 892 0
1 205 0 893 2 967 1
0 106 2 685 3 539 2
0 706 2 438 2 579 3
2 528 2 667 2 892 2
0 784 2 194 2 390 0
0 710 1 763 0 843 0
1 735 2 899 1 444 2
1 375 1 146 0 72 1
2 316 3 43 0 102 1
0 844 1 318 2 158 1
0 354 1 795 1 936 2
0 732 0 625 0 490 3
1 914 1 698 2 44 1
1 498 3 477 3 360 3
2 519 1 324 1 518 3
0 806 2 196 3 958 1
0 448 0 771 2 529 1
1 926 3 627 0 246 0
2 606 3 73 1 888 1
0 759 1 16 1 91 0
0 49 1 511 2 682 2
0 563 0 509 1 19 0
1 617 0 737 3 899 2
0 140 0 755 3 781 0
0 872 0 625 1 778 0
1 812 3 688 3 227 1
2 598 1 483 3 981 0
1 232 3 195 0 591 3
1 724 3 88 0 115 1
0 245 1 345 1 324 1
0 903 2 650 1 323 1
0 656 1 211 0 736 2
0 679 1 236 3 784 0
1 252 1 573 1 943 2
1 267 3 340 3 589 2
2 912 3 445 0 532 0
2 269 2 773 0 124 2
0 260 2 703 0 428 0
0 371 2 917 2 201 1
0 790 3 538 2 778 3
1 310 3 135 3 405 0
2 881 2 232 2 309 3
0 737 0 368 0 110 1
0 312 2 964 2 845 2
2 623 1 187 2 828 2
1 834 3 190 3 245 0
1 98 0 445 1 396 2
0 802 0 57 3 708 2
0 739 1 513 3 247 0
1 629 3 901 1 75 3
1 778 2 100 0 203 2
2 951 0 203 1 652 1
2 361 3 424 0 384 1
2 631 1 846 0 825 3
1 900 2 681 2 413 2
2 968 0 263 3 540 3
0 192 0 280 1 55 0
2 440 2 974 3 959 0
1 784 3 822 1 658 3
0 71 1 678 3 373 1
1 913 0 334 2 192 2
1 248 3 721 0 313 3
2 272 3 147 1 139 1
1 797 1 513 0 166 3
2 540 1 921 1 597 3
1 142 1 275 2 892 0
1 205 0 893 2 967 1
0 106 2 685 3 539 2
0 706 2 438 2 579 3
2 528 2 667 2 892 2
0 784 2 194 2 390 0
0 710 1 763 0 843 0
1 735 2 899 1 444 2
1 375 1 146 0 72 1
2 316 3 43 0 102 1
0 844 1 318 2 158 1
0 354 1 795 1 936 2
0 732 0 625 0 490 3
1 914 1 698 2 44 1
1 498 3 477 3 360 3
2 519 1 324 1 518 3
0 806 2 196 3 958 1
0 448 0 771 2 529 1
1 926 3 627 0 246 0
2 606 3 73 1 888 1
0 759 1 16 1 91 0
0 49 1 511 2 682 2
0 563 0 509 1 19 0
1 617 0 737 3 899 2
0 140 0 755 3 781 0
0 872 0 625 1 778 0
1 812 3 688 3 227 1
2 598 1 483 3 981 0
1 232 3 195 0 591 3
1 724 3 88 0 115 1
0 245 1 345 1 324 1
0 903 2 650 1 323 1
0 656 1 211 0 736 2
0 679 1 236 3 784 0
1 252 1 573 1 943 2
1 267 3 340 3 589 2
2 912 3 445 0 532 0
2 269 2 773 0 124 2
0 260 2 703 0 428 0
0 371 2 917 2 201 1
0 790 3 538 2 778 3
1 310 3 135 3 405 0
2 881 2 232 2 309 3
0 737 0 368 0 110 1
0 312 2 964 2 845 2
2 623 1 187 2 828 2
2 508 3 191 0 528 3
1 830 3 721 1 860 2
1 98 0 445 1 396 2
0 802 0 57 3 708 2
0 739 1 513 3 247 0
1 629 3 901 1 75 3
1 778 2 100 0 203 2
2 951 0 203 1 652 1
2 361 3 424 0 384 1
2 631 1 846 0 825 3
1 900 2 681 2 413 2
2 968 0 263 3 540 3
0 192 0 280 1 55 0
2 440 2 974 3 959 0
1 784 3 822 1 658 3
0 71 1 678 3 373 1
1 913 0 334 2 192 2
1 248 3 721 0 313 3
2 272 3 147 1 139 1
1 797 1 513 0 166 3
2 540 1 921 1 597 3
1 142 1 275 2 892 0
1 205 0 893 2 967 1
0 106 2 685 3 539 2
0 706 2 438 2 579 3
2 528 2 667 2 892 2
0 784 2 194 2 390 0
0 710 1 763 0 843 0
1 735 2 899 1 444 2
1 375 1 146 0 72 1
2 316 3 43 0 102 1
0 844 1 318 2 158 1
0 354 1 795 1 936 2
0 732 0 625 0 490 3
1 914 1 698 2 44 1
1 498 3 477 3 360 3
2 519 1 324 1 518 3
0 806 2 196 3 958 1
0 448 0 771 2 529 1
1 926 3 627 0 246 0
2 606 3 73 1 888 1
0 759 1 16 1 91 0
0 49 1 511 2 682 2
0 563 0 509 1 19 0
1 617 0 737 3 899 2
0 140 0 755 3 781 0
0 872 0 625 1 778 0
1 812 3 688 3 227 1
2 598 1 483 3 981 0
1 232 3 195 0 591 3
1 724 3 88 0 115 1
0 245 1 345 1 324 1
0 903 2 650 1 323 1
0 656 1 211 0 736 2
0 679 1 236 3 784 0
1 252 1 573 1 943 2
1 267 3 340 3 589 2
2 912 3 445 0 532 0
2 269 2 773 0 124 2
0 260 2 703 0 428 0
0 371 2 917 2 201 1
0 790 3 538 2 778 3
1 310 3 135 3 405 0
2 881 2 232 2 309 3
0 737 0 368 0 110 1
0 312 2 964 2 845 2
2 623 1 187 2 828 2
0 324 0 726 3 494 1
1 448 0 797 3 539 0
2 539 0 215 2 510 3
2 317 2 869 3 724 3
1 98 0 445 1 396 2
0 802 0 57 3 708 2
0 739 1 513 3 247 0
1 629 3 901 1 75 3
1 778 2 100 0 203 2
2 951 0 203 1 652 1
2 361 3 424 0 384 1
2 631 1 846 0 825 3
1 900 2 681 2 413 2
2 968 0 263 3 540 3
0 192 0 280 1 55 0
2 440 2 974 3 959 0
1 784 3 822 1 658 3
0 71 1 678 3 373 1
1 913 0 334 2 192 2
1 248 3 721 0 313 3
2 272 3 147 1 139 1
1 797 1 513 0 166 3
2 540 1 921 1 597 3
1 142 1 275 2 892 0
1 205 0 893 2 967 1
0 106 2 685 3 539 2
0 706 2 438 2 579 3
2 528 2 667 2 892 2
0 784 2 194 2 390 0
0 710 1 763 0 843 0
1 735 2 899 1 444 2
1 375 1 146 0 72 1
2 316 3 43 0 102 1
0 844 1 318 2 158 1
0 354 1 795 1 936 2
0 732 0 625 0 490 3
1 914 1 698 2 44 1
1 498 3 477 3 360 3
2 519 1 324 1 518 3
0 806 2 196 3 958 1
0 448 0 771 2 529 1
1 926 3 627 0 246 0
2 606 3 73 1 888 1
0 759 1 16 1 91 0
0 49 1 511 2 682 2
0 563 0 509 1 19 0
1 617 0 737 3 899 2
0 140 0 755 3 781 0
0 872 0 625 1 778 0
1 812 3 688 3 227 1
2 598 1 483 3 981 0
1 232 3 195 0 591 3
1 724 3 88 0 115 1
0 245 1 345 1 324 1
0 903 2 650 1 323 1
0 656 1 211 0 736 2
0 679 1 236 3 784 0
1 252 1 573 1 943 2
1 267 3 340 3 589 2
2 912 3 445 0 532 0
2 269 2 773 0 124 2
0 260 2 703 0 428 0
0 371 2 917 2 201 1
0 790 3 538 2 778 3
1 310 3 135 3 405 0
2 881 2 232 2 309 3
0 737 0 368 0 110 1
0 312 2 964 2 845 2
2 623 1 187 2 828 2
1 98 0 445 1 396 2
0 802 0 57 3 708 2
0 739 1 513 3 247 0
1 629 3 901 1 75 3
1 778 2 100 0 203 2
2 951 0 203 1 652 1
2 361 3 424 0 384 1
2 631 1 846 0 825 3
1 900 2 681 2 413 2
2 968 0 263 3 540 3
0 192 0 280 1 55 0
2 440 2 974 3 959 0
1 784 3 822 1 658 3
0 71 1 678 3 373 1
1 913 0 334 2 192 2
1 248 3 721 0 313 3
2 272 3 147 1 139 1
1 797 1 513 0 166 3
2 540 1 921 1 597 3
1 142 1 275 2 892 0
1 205 0 893 2 967 1
0 106 2 685 3 539 2
0 706 2 438 2 579 3
2 528 2 667 2 892 2
0 784 2 194 2 390 0
0 710 1 763 0 843 0
1 735 2 899 1 444 2
1 375 1 146 0 72 1
2 316 3 43 0 102 1
0 844 1 318 2 158 1
0 354 1 795 1 936 2
0 732 0 625 0 490 3
1 914 1 698 2 44 1
1 498 3 477 3 360 3
2 519 1 324 1 518 3
0 806 2 196 3 958 1
0 448 0 771 2 529 1
1 926 3 627 0 246 0
2 606 3 73 1 888 1
0 759 1 16 1 91 0
0 49 1 511 2 682 2
0 563 0 509 1 19 0
1 617 0 737 3 899 2
0 140 0 755 3 781 0
0 872 0 625 1 778 0
1 812 3 688 3 227 1
2 598 1 483 3 981 0
1 232 3 195 0 591 3
1 724 3 88 0 115 1
0 245 1 345 1 324 1
0 903 2 650 1 323 1
0 656 1 211 0 736 2
0 679 1 236 3 784 0
1 252 1 573 1 943 2
1 267 3 340 3 589 2
2 912 3 445 0 532 0
2 269 2 773 0 124 2
0 260 2 703 0 428 0
0 371 2 917 2 201 1
0 790 3 538 2 778 3
1 310 3 135 3 405 0
2 881 2 232 2 309 3
0 737 0 368 0 110 1
0 312 2 964 2 845 2
2 623 1 187 2 828 2
1 152 2 840 3 6 0
2 119 3 151 3 389 3
2 705 1 552 2 931 1
1 368 1 768 0 830 3
0 917 3 841 0 327 0
2 3 3 906 1 922 2
1 98 0 445 1 396 2
0 802 0 57 3 708 2
0 739 1 513 3 247 0
1 629 3 901 1 75 3
1 778 2 100 0 203 2
2 951 0 203 1 652 1
2 361 3 424 0 384 1
2 631 1 846 0 825 3
1 900 2 681 2 413 2
2 968 0 263 3 540 3
0 192 0 280 1 55 0
2 440 2 974 3 959 0
1 784 3 822 1 658 3
0 71 1 678 3 373 1
1 913 0 334 2 192 2
1 248 3 721 0 313 3
2 272 3 147 1 139 1
1 797 1 513 0 166 3
2 540 1 921 1 597 3
1 142 1 275 2 892 0
1 205 0 893 2 967 1
0 106 2 685 3 539 2
0 706 2 438 2 579 3
2 528 2 667 2 892 2
0 784 2 194 2 390 0
0 710 1 763 0 843 0
1 735 2 899 1 444 2
1 375 1 146 0 72 1
2 316 3 43 0 102 1
0 844 1 318 2 158 1
0 354 1 795 1 936 2
0 732 0 625 0 490 3
1 914 1 698 2 44 1
1 498 3 477 3 360 3
2 519 1 324 1 518 3
0 806 2 196 3 958 1
0 448 0 771 2 529 1
1 926 3 627 0 246 0
2 606 3 73 1 888 1
0 759 1 16 1 91 0
0 49 1 511 2 682 2
0 563 0 509 1 19 0
1 617 0 737 3 899 2
0 140 0 755 3 781 0
0 872 0 625 1 778 0
1 812 3 688 3 227 1
2 598 1 483 3 981 0
1 232 3 195 0 591 3
1 724 3 88 0 115 1
0 245 1 345 1 324 1
0 903 2 650 1 323 1
0 656 1 211 0 736 2
0 679 1 236 3 784 0
1 252 1 573 1 943 2
1 267 3 340 3 589 2
2 912 3 445 0 532 0
2 269 2 773 0 124 2
0 260 2 703 0 428 0
0 371 2 917 2 201 1
0 790 3 538 2 778 3
1 310 3 135 3 405 0
2 881 2 232 2 309 3
0 737 0 368 0 110 1
0 312 2 964 2 845 2
2 623 1 187 2 828 2
0 253 2 874 2 939 3
1 98 0 445 1 396 2
0 802 0 57 3 708 2
0 739 1 513 3 247 0
1 629 3 901 1 75 3
1 778 2 100 0 203 2
2 951 0 203 1 652 1
2 361 3 424 0 384 1
2 631 1 846 0 825 3
1 900 2 681 2 413 2
2 968 0 263 3 540 3
0 192 0 280 1 55 0
2 440 2 974 3 959 0
1 784 3 822 1 658 3
0 71 1 678 3 373 1
1 913 0 334 2 192 2
1 248 3 721 0 313 3
2 272 3 147 1 139 1
1 797 1 513 0 166 3
2 540 1 921 1 597 3
1 142 1 275 2 892 0
1 205 0 893 2 967 1
0 106 2 685 3 539 2
0 706 2 438 2 579 3
2 528 2 667 2 892 2
0 784 2 194 2 390 0
0 710 1 763 0 843 0
1 735 2 899 1 444 2
1 375 1 146 0 72 1
2 316 3 43 0 102 1
0 844 1 318 2 158 1
0 354 1 795 1 936 2
0 732 0 625 0 490 3
1 914 1 698 2 44 1
1 498 3 477 3 360 3
2 519 1 324 1 518 3
0 806 2 196 3 958 1
0 448 0 771 2 529 1
1 926 3 627 0 246 0
2 606 3 73 1 888 1
0 759 1 16 1 91 0
0 49 1 511 2 682 2
0 563 0 509 1 19 0
1 617 0 737 3 899 2
0 140 0 755 3 781 0
0 872 0 625 1 778 0
1 812 3 688 3 227 1
2 598 1 483 3 981 0
1 232 3 195 0 591 3
1 724 3 88 0 115 1
0 245 1 345 1 324 1
0 903 2 650 1 323 1
0 656 1 211 0 736 2
0 679 1 236 3 784 0
1 252 1 573 1 943 2
1 267 3 340 3 589 2
2 912 3 445 0 532 0
2 269 2 773 0 124 2
0 260 2 703 0 428 0
0 371 2 917 2 201 1
0 790 3 538 2 778 3
1 310 3 135 3 405 0
2 881 2 232 2 309 3
0 737 0 368 0 110 1
0 312 2 964 2 845 2
2 623 1 187 2 828 2
1 411 2 742 2 884 0
1 936 1 730 3 720 1
2 830 0 297 0 852 0
1 98 0 445 1 396 2
0 802 0 57 3 708 2
0 739 1 513 3 247 0
1 629 3 901 1 75 3
1 778 2 100 0 203 2
2 951 0 203 1 652 1
2 361 3 424 0 384 1
2 631 1 846 0 825 3
1 900 2 681 2 413 2
2 968 0 263 3 540 3
0 192 0 280 1 55 0
2 440 2 974 3 959 0
1 784 3 822 1 658 3
0 71 1 678 3 373 1
1 913 0 334 2 192 2
1 248 3 721 0 313 3
2 272 3 147 1 139 1
1 797 1 513 0 166 3
2 540 1 921 1 597 3
1 142 1 275 2 892 0
1 205 0 893 2 967 1
0 106 2 685 3 539 2
0 706 2 438 2 579 3
2 528 2 667 2 892 2
0 784 2 194 2 390 0
0 710 1 763 0 843 0
1 735 2 899 1 444 2
1 375 1 146 0 72 1
2 316 3 43 0 102 1
0 844 1 318 2 158 1
0 354 1 795 1 936 2
0 732 0 625 0 490 3
1 914 1 698 2 44 1
1 498 3 477 3 360 3
2 519 1 324 1 518 3
0 806 2 196 3 958 1
0 448 0 771 2 529 1
1 926 3 627 0 246 0
2 606 3 73 1 888 1
0 759 1 16 1 91 0
0 49 1 511 2 682 2
0 563 0 509 1 19 0
1 617 0 737 3 899 2
0 140 0 755 3 781 0
0 872 0 625 1 778 0
1 812 3 688 3 227 1
2 598 1 483 3 981 0
1 232 3 195 0 591 3
1 724 3 88 0 115 1
0 245 1 345 1 324 1
0 903 2 650 1 323 1
0 656 1 211 0 736 2
0 679 1 236 3 784 0
1 252 1 573 1 943 2
1 267 3 340 3 589 2
2 912 3 445 0 532 0
2 269 2 773 0 124 2
0 260 2 703 0 428 0
0 371 2 917 2 201 1
0 790 3 538 2 778 3
1 310 3 135 3 405 0
2 881 2 232 2 309 3
0 737 0 368 0 110 1
0 312 2 964 2 845 2
2 623 1 187 2 828 2
1 612 1 494 2 449 1
0 735 0 236 3 718 2
0 44 3 712 1 1 3
2 340 0 78 0 981 0
2 597 1 752 2 534 1
2 445 3 369 3 5 1
0 160 3 882 1 262 2
2 38 1 534 0 333 2
0 475 1 681 2 743 3
0 122 1 704 3 110 3
0 430 3 784 0 957 3
0 637 0 72 2 466 1
1 515 2 304 2 69 0
1 993 2 671 0 417 0
2 667 2 243 0 34 1
0 422 0 993 0 138 2
1 884 2 615 2 478 1
2 324 1 280 1 425 2
0 221 0 69 3 426 1
2 438 3 88 0 222 3
2 461 0 412 0 665 2
2 488 0 83 1 754 0
0 912 3 582 2 172 0
1 836 3 890 2 250 3
2 723 1 3 1 895 3
0 515 1 649 2 541 3
0 490 0 144 2 744 3
1 662 3 990 0 395 3
1 492 3 859 3 154 2
2 107 0 644 1 835 1
0 125 3 339 2 282 0
-1 888 1 912 3 4 0
